pop,entry,DTH,GW_1k,GM2,ton_hectare,SPI,HI,FE,TL,IN2_wt,IN3_wt,INL2,INL3,IN2_PI,IN3_PI,IN2_IN3_PI
2,1,92.1790241,29.85817932,23823.51707,7.149757124,0.238663915,0.431175454,68.99827445,31.94783754,4.041526029,3.900781082,21.39130434,11.51861609,0.113778341,0.10888696,0.222656336
2,2,92.1790241,30.71817932,21125.6085,6.521185695,0.268663915,0.380423438,53.59256017,38.44783754,5.686526029,3.445781082,25.49963767,11.66028276,0.146273682,0.087605144,0.233869861
2,4,91.9691558,35.77817932,16893.43707,6.075471409,0.208663915,0.374069165,56.87256017,35.7889049,5.740263108,4.424038313,24.89130434,14.31451449,0.150968688,0.114966146,0.265925868
2,5,92.9691558,28.65558413,16706.96969,4.859605046,0.387079365,0.437996971,45.80871611,26.46748089,4.26898455,2.190653579,19.75230739,8.301719749,0.138847326,0.069558096,0.208396458
2,7,99.88455759,25.94741781,21350.39508,5.891397648,0.495987513,0.335896627,33.02466492,31.63907981,4.24019802,2.791904638,23.92099539,12.94075977,0.121246796,0.077006742,0.198244573
2,8,85.88455759,34.08375046,13242.59571,4.284955302,0.338171216,0.326295942,31.34705304,28.94023604,4.833153662,4.615838872,17.07528606,13.28909521,0.118740633,0.11551719,0.234248858
2,9,100.1790241,22.68741781,26967.70936,6.451397648,0.365987513,0.372340513,53.82466492,29.87644543,3.483297559,2.568703214,22.61266206,13.09125816,0.143544854,0.105532386,0.249068275
2,10,73.03179084,34.51748792,16731.97467,5.016932307,0.328770369,0.476321538,43.99988281,27.72199868,3.165991382,2.961136356,14.74057979,13.12445443,0.102804481,0.100630592,0.20342611
2,14,91.9691558,22.32817932,20292.41993,4.566899981,0.258663915,0.375676949,74.0611316,26.2889049,2.856263108,1.399038313,19.05797101,7.472847824,0.150145693,0.071017625,0.221154353
2,15,78.88455759,29.95191678,18450.2446,5.024591272,0.379263068,0.387826539,35.46824709,28.19020413,2.628103573,2.668532006,17.0399314,14.77865841,0.084933716,0.088505406,0.173430158
2,16,92.88455759,NA,NA,NA,0.347079365,NA,NA,25.19026794,4.131203751,2.268145737,17.41064072,9.266198695,0.154687754,0.085232024,0.239910813
2,18,90.04344111,30.3633697,20362.68043,6.130061278,0.251833015,0.417552221,61.66310541,31.19057744,4.985808567,2.606695775,23.67763158,10.80387443,0.168822031,0.086646986,0.255460052
2,20,NA,NA,NA,NA,NA,NA,NA,NA,NA,NA,NA,NA,NA,NA,NA
2,21,79.04344111,34.07191678,16911.07889,5.2531627,0.299263068,0.416220675,44.29110423,30.47624159,3.506872713,3.614927844,16.94826473,14.07794992,0.107286946,0.112502094,0.219780075
2,23,92.88455759,28.73558413,22670.48969,6.585319331,0.337079365,0.454556274,53.90014469,27.63904791,3.817147931,2.348597772,21.06897405,9.671232055,0.15555993,0.0939878,0.249538765
2,24,79.04344111,33.86191678,14615.65032,4.418876986,0.419263068,0.419003608,29.54824709,25.47624159,2.729872713,2.894927844,15.9399314,13.88628325,0.095866593,0.101960802,0.19781843
2,25,66.04344111,40.54565424,15615.80641,5.276568277,0.25986222,0.40886899,42.48679115,35.40475378,3.450493977,3.567929379,19.68855846,16.61094822,0.090455727,0.100213523,0.190660286
2,26,99.88455759,33.36741781,18182.38365,6.428540505,0.375987513,0.430293635,41.8703792,28.13907981,4.49119802,2.593904638,19.39599539,9.290759774,0.153884525,0.087387492,0.241263051
2,28,99.99498253,31.77741781,16337.06936,5.559969076,0.365987513,0.4491082,46.31609349,30.78940668,4.275890245,2.69544616,22.64599539,12.16779136,0.156426498,0.102328728,0.258746262
2,30,91.99498253,30.75817932,16828.69422,5.206899981,0.268663915,0.385370602,53.05541731,34.61079879,4.871118715,2.704524028,24.04130434,11.30348261,0.160587913,0.092396431,0.252975379
2,31,78.88455759,36.92191678,15468.49603,5.196019843,0.249263068,0.338292331,40.11967566,30.13898411,3.316047754,3.610984041,19.42326473,14.42611601,0.108453726,0.119108992,0.227553755
2,32,86.1790241,31.83375046,16790.43571,5.119241016,0.288171216,0.413132867,50.26133875,26.62638163,3.508197382,2.646089483,16.95861939,10.44538454,0.129976271,0.096684011,0.226651317
2,33,85.88455759,28.09375046,19606.05857,5.290669588,0.338171216,0.418811597,50.03276732,29.69023604,4.286153662,3.639838872,17.71695273,12.68076188,0.123755575,0.106292846,0.230039456
2,34,85.99498253,39.28375046,15378.41285,5.816383873,0.278171216,0.405304092,41.26705304,29.28934287,4.980790067,4.128832429,18.01695273,12.23025106,0.136657793,0.117142237,0.253791067
2,35,70.9691558,37.3926783,13329.41231,4.111522176,0.311939469,0.415727501,36.24185663,29.2888092,2.535112842,2.869117716,15.73107369,13.20403739,0.078462801,0.092186339,0.170640176
2,36,85.99498253,30.58375046,13000.48143,3.747812445,0.348171216,0.378327495,39.55276732,26.53934287,3.599790067,3.323832429,17.09195273,13.0635844,0.120904938,0.115433846,0.236329821
2,37,70.88455759,30.5726783,21382.68088,5.722950748,0.351939469,0.455002532,44.36757091,35.21037622,2.956276224,3.139061909,19.22690703,16.42014061,0.07171434,0.082503406,0.154208782
2,38,85.88455759,32.33375046,11488.72143,3.484955302,0.348171216,0.357951591,35.09562446,29.19023604,4.575153662,4.287838872,17.72528606,13.68076188,0.117797872,0.112293284,0.230082191
2,39,72.88455759,31.03748792,16423.95181,4.331218021,0.308770369,0.40136956,44.30845424,30.11874822,3.416774926,3.416840407,17.09891312,14.87209353,0.097155925,0.102005085,0.199152047
2,42,70.88455759,30.8626783,11378.17803,2.602950748,0.411939469,0.383440273,27.99042806,27.76159625,2.334332043,2.287609874,17.27690703,13.06434968,0.088120425,0.085921136,0.174032597
2,43,72.88455759,28.54748792,18171.20896,4.422646593,0.298770369,0.383971646,48.4455971,31.61874822,2.567774926,2.920840407,16.15724645,15.38876019,0.081552234,0.096975279,0.17851855
2,44,70.88455759,38.3726783,18713.86946,6.362950748,0.301939469,0.430194937,39.71614234,29.71037622,3.042276224,3.010061909,16.54357369,14.21180728,0.092176867,0.093360723,0.185528626
2,45,73.04344111,33.91748792,14744.18039,4.216932307,0.328770369,0.385520167,35.43988281,27.65478568,3.380544066,3.584236245,15.70724645,14.22971837,0.107418769,0.116459764,0.223869569
2,46,71.03179084,33.6826783,20098.26946,5.951522176,0.281939469,0.43289382,50.03614234,30.8648467,2.404548499,3.030905823,14.71024036,14.64171058,0.076488182,0.103694249,0.180173467
2,49,79.1790241,31.65191678,8242.061746,2.041734129,0.269263068,0.300304215,38.24538995,30.62634972,3.281147293,3.424782617,16.9399314,13.64328106,0.108519477,0.114784968,0.223295481
2,50,86.1790241,31.31375046,16742.77857,5.027812445,0.258171216,0.39562465,54.64991018,30.37638163,3.836197382,2.371089483,19.60028606,9.778717873,0.1483402,0.089568417,0.237899651
2,51,92.99498253,28.07558413,19706.24969,5.602462189,0.317079365,0.371122132,47.86585897,32.78937478,4.881840156,2.158139295,26.86897405,10.05735454,0.192729401,0.08957769,0.282298127
2,53,90.1790241,33.5933697,23725.29757,7.924346993,0.291833015,0.464114584,54.69167684,30.59068557,4.504083147,2.827550549,17.26096491,9.702538907,0.135216213,0.083938811,0.219146059
2,55,72.88455759,29.78748792,17945.30039,4.582646593,0.318770369,0.383825781,42.70845424,26.61874822,2.478774926,2.758840407,17.0307313,14.43876019,0.101569397,0.112558531,0.214118966
2,56,91.88455759,28.80817932,23835.59707,6.898328552,0.268663915,0.443320014,64.7011316,30.96047192,4.29042649,2.295982506,21.01630434,8.843117706,0.141705044,0.074222412,0.215918491
2,57,90.03179084,34.5933697,23815.51471,8.187204135,0.331833015,0.424665633,42.15453398,27.00779044,3.385255883,2.548595887,15.01929825,10.50694383,0.129943288,0.100381546,0.23031587
2,59,100.1790241,26.44741781,18997.90365,5.388540505,0.305987513,0.391794961,56.07609349,30.62644543,3.290297559,2.819703214,20.37932872,14.47459149,0.127132047,0.10771314,0.234836223
2,60,86.04344111,36.64375046,18616.89285,6.604955302,0.368171216,0.413096975,33.54133875,27.22627349,3.694922802,3.526234709,15.12528606,12.5800534,0.120373064,0.114621149,0.234985248
2,61,100.0317908,36.77741781,17610.23508,6.839969076,0.375987513,0.42096518,37.09323635,31.0435503,6.508470296,3.686748552,24.22932872,11.53732974,0.165698001,0.09433406,0.260023098
2,63,78.88455759,38.93191678,18519.75318,6.716019843,0.319263068,0.440787053,38.3825328,25.88898411,3.105047754,3.471984041,15.38159807,13.77611601,0.101519082,0.114672654,0.216182771
2,64,72.88455759,31.31748792,21701.03753,6.068360879,0.298770369,0.373219417,43.29131139,28.81752819,3.078719106,3.445292442,17.37391312,15.27788446,0.10011807,0.114166306,0.214275413
2,65,106.0317908,32.05184667,26885.39644,9.167628041,0.326480212,0.408116308,47.72731491,32.11500621,3.647798943,2.906440151,22.22868034,14.46056129,0.136663053,0.110061619,0.246715708
2,66,72.9691558,38.74748792,19177.88324,6.696932307,0.298770369,0.44182282,40.03416853,29.89596117,3.149555725,3.465348249,15.63224645,14.96594791,0.092918734,0.10624521,0.199154982
2,67,99.88455759,25.66741781,23995.96079,6.508540505,0.275987513,0.3704983,60.33895063,31.63907981,3.75019802,2.926904638,22.21266206,14.55742644,0.153959325,0.118752891,0.272703251
2,68,91.9691558,34.76817932,19570.57993,6.829757124,0.308663915,0.433052132,46.6211316,29.0389049,5.207263108,3.095038313,20.51630434,9.322847824,0.156175557,0.091232954,0.247399546
2,69,99.88455759,31.84741781,10486.04079,3.731397648,0.415987513,0.383172538,35.51609349,26.19029984,2.30925384,1.473452603,14.99599539,8.493302171,0.099875166,0.065339437,0.165205638
2,70,92.88455759,31.01558413,14960.82111,4.722462189,0.417079365,0.418209786,37.22585897,27.19026794,3.758203751,2.212145737,19.59397405,10.02453203,0.150797441,0.089137888,0.239926364
2,73,71.04344111,29.3126783,21855.46946,5.597236462,0.281939469,0.435000616,58.20757091,30.54763371,2.399101183,2.904005712,16.06857369,15.08030785,0.081066192,0.100717082,0.181774309
2,74,92.04344111,28.60817932,21994.13422,6.326899981,0.278663915,0.419988735,60.96398874,33.54772941,4.78025145,3.052926308,24.04130434,11.84495161,0.162934162,0.102611917,0.265537114
2,75,92.03179084,30.00817932,18714.35136,5.652614266,0.308663915,0.40125338,49.14684588,28.36494241,3.762698765,2.24382642,18.09963767,9.014687675,0.132330383,0.081703081,0.2140245
2,76,70.88455759,36.9126783,21995.45803,7.322950748,0.331939469,0.454791818,38.43614234,31.71037622,2.333276224,2.645061909,18.03524036,15.78680728,0.077560387,0.089380361,0.166931784
2,77,85.88455759,39.90375046,15896.82428,6.124955302,0.338171216,0.401074528,32.62705304,29.63901601,5.064097842,3.895290907,18.47528606,12.75321949,0.134390062,0.103225249,0.237606345
2,79,85.88455759,37.96375046,12393.77285,4.479241016,0.278171216,0.322712667,34.22705304,25.38901601,3.932097842,3.379290907,15.49195273,11.56988616,0.123501099,0.105369978,0.228862112
2,80,85.9691558,32.45375046,16191.56714,5.039241016,0.448171216,0.425955506,31.96419589,26.21744898,3.597934461,3.310346714,15.25028606,11.8829496,0.101812949,0.093946841,0.195750824
2,82,78.88455759,38.27191678,16592.82746,5.836019843,0.319263068,0.394695779,33.5025328,28.13898411,4.259047754,3.920984041,16.7899314,13.12611601,0.117117835,0.10973582,0.22684469
2,83,NA,NA,NA,NA,NA,NA,NA,NA,NA,NA,NA,NA,NA,NA,NA
2,84,78.99498253,32.11191678,15627.63889,4.498876986,0.299263068,0.334021007,36.81681852,28.03931097,4.494739978,4.509525564,16.5399314,13.74481426,0.126359504,0.133225732,0.259576273
2,85,86.04344111,33.92375046,17553.08714,5.736383873,0.258171216,0.368349716,48.42133875,31.47627349,5.211922802,3.426234709,20.96695273,11.38838673,0.15815559,0.103046677,0.261193302
2,86,91.88455759,32.00817932,20445.18564,6.578328552,0.238663915,0.409287626,60.5411316,35.71047192,5.10842649,3.527982506,24.56630434,14.63478437,0.155390052,0.105695897,0.261076983
2,87,86.1790241,35.83375046,12551.81857,4.273526731,0.398171216,0.39194845,29.76991018,26.62638163,3.399197382,3.598089483,14.76695273,12.27871788,0.110037494,0.117070814,0.227099342
2,88,72.88455759,32.95748792,12756.99181,3.405503736,0.338770369,0.358359753,32.31988281,28.36874822,2.917774926,2.878840407,15.77391312,12.43042686,0.090566346,0.092625666,0.183183049
2,90,70.99498253,13.3126783,31371.40088,3.437236462,0.321939469,0.403253357,106.4589995,28.36070309,2.263968448,2.808603432,15.90190703,15.33050552,0.06685577,0.09233509,0.159181896
2,91,71.03179084,30.9226783,22379.22946,6.122950748,0.361939469,0.44216046,41.20185663,29.6148467,2.329548499,2.443905823,15.66857369,13.52504391,0.076186036,0.084957884,0.161134956
2,92,89.99498253,28.5533697,14850.95471,4.187204135,0.341833015,0.416220372,47.74310541,27.75364682,4.751675832,1.640293495,20.48596491,7.054072101,0.180439572,0.065950299,0.246380907
2,93,NA,NA,NA,NA,NA,NA,NA,NA,NA,NA,NA,NA,NA,NA,NA
2,94,85.88455759,32.59375046,17888.41285,5.610669588,0.278171216,0.394301302,48.66133875,32.38901601,4.819097842,3.477290907,17.06695273,10.39640131,0.127732453,0.091866553,0.219590041
2,95,92.03179084,27.42817932,17580.83136,4.852614266,0.298663915,0.392613788,54.02684588,30.36494241,3.382698765,2.07882642,20.95797101,10.60635434,0.150697034,0.096238715,0.246926786
2,98,86.04344111,34.07375046,13262.82428,4.296383873,0.418171216,0.305627146,22.94705304,24.72627349,3.006922802,2.934234709,13.36695273,11.7300534,0.107456202,0.104096619,0.211543856
2,100,72.99498253,30.50748792,13924.7861,3.451218021,0.318770369,0.416223555,45.65702567,26.21785506,2.651411331,2.623833965,16.24057979,14.63824937,0.099474345,0.102273159,0.201738542
2,101,78.9691558,36.18191678,11205.73032,3.516019843,0.289263068,0.327170023,33.31967566,28.71741708,3.612884372,3.077039848,18.32326473,12.9725128,0.108956522,0.093344653,0.202292211
2,102,92.04344111,33.47817932,17125.85993,5.766899981,0.318663915,0.396960723,42.01541731,31.54772941,4.716887814,2.892471763,21.61630434,9.819951611,0.140296978,0.084685074,0.224973087
2,103,73.04344111,35.80748792,14377.76896,4.365503736,0.288770369,0.418340805,42.86845424,28.90478568,3.527544066,2.974236245,16.03224645,13.82138503,0.113470183,0.095776468,0.209237687
2,104,92.9691558,36.53558413,22342.3754,8.231033617,0.287079365,0.413086799,45.5344304,29.46748089,4.46698455,3.124653579,22.73564072,12.21005308,0.158582103,0.109264357,0.267837495
2,105,91.88455759,34.50817932,18198.31707,6.315471409,0.278663915,0.439828152,53.21541731,33.26169195,4.37048231,2.372530471,24.13297101,11.79944799,0.169970038,0.092483071,0.262444143
2,106,73.04344111,32.46748792,17737.01467,5.005503736,0.258770369,0.388164059,51.39416853,32.40478568,3.741544066,4.110236245,17.26557979,16.07971837,0.098294541,0.113987736,0.212273313
2,108,92.1790241,25.96817932,20846.6485,5.446899981,0.268663915,0.371894245,60.88398874,31.69783754,4.093526029,2.770781082,23.73297101,11.94361609,0.146016966,0.097696874,0.243704875
2,109,79.04344111,34.24191678,17585.23889,5.516019843,0.339263068,0.374818098,33.87967566,30.22624159,4.032872713,NA,17.67326473,14.94461658,0.101893503,NA,0.104222698
2,111,86.03179084,35.87375046,14718.52714,5.062098159,0.318171216,0.405198719,39.30133875,28.54348649,4.748370118,3.947134821,17.31695273,12.31645613,0.129216268,0.110529954,0.239737258
2,113,85.99498253,31.40375046,12700.33285,3.759241016,0.418171216,0.376318893,31.28991018,26.78934287,4.038790067,4.641832429,16.37528606,14.40525106,0.101442392,0.121383584,0.222817013
2,114,78.9691558,33.64191678,12128.86175,3.538876986,0.279263068,0.309308792,35.31967566,32.46741708,4.214884372,4.136039848,17.54826473,14.13084613,0.12583054,0.12533179,0.251153366
2,115,99.99498253,26.76741781,17826.40651,5.137111933,0.385987513,0.357486012,42.30466492,26.78940668,5.927890245,3.17444616,21.05432872,9.101124687,0.145482226,0.078712769,0.224186032
2,116,89.9691558,37.8233697,14434.97757,5.410061278,0.161833015,0.403957481,76.60024827,28.43175293,4.175820226,3.09180778,15.25263158,11.2984373,0.108396716,0.079333506,0.187721257
2,117,79.03179084,36.38191678,13840.75889,4.510305557,0.319263068,0.354442201,31.39967566,25.79345459,2.774320029,2.965827955,15.78159807,13.28935265,0.096631565,0.107084536,0.203707136
2,118,85.9691558,33.62375046,19733.88714,6.422098159,0.238171216,0.40109838,58.35276732,29.71744898,4.513934461,3.040346714,38.56695273,11.84128294,0.154712321,0.10244065,0.257144006
2,119,85.99498253,35.27375046,15444.26428,5.222098159,0.258171216,0.411867611,50.40991018,28.53934287,4.934790067,3.124832429,18.45028606,10.52191773,0.13981623,0.091890358,0.231697625
2,120,99.88455759,15.76741781,21799.25222,3.799969076,0.335987513,0.254128537,56.2703792,26.63907981,2.52319802,1.925904638,19.26266206,11.19075977,0.124538062,0.095061055,0.219590153
2,122,91.99498253,34.22817932,16655.74564,5.732614266,0.318663915,0.411399441,42.90684588,31.11079879,5.084118715,2.716524028,21.04963767,10.30348261,0.15448881,0.085510062,0.239989908
2,123,85.9691558,33.59375046,14765.25857,4.730669588,0.348171216,0.375503475,35.22133875,26.96744898,3.883934461,2.976346714,17.55861939,10.8829496,0.134990225,0.10196473,0.23694599
2,125,91.88455759,33.80817932,14177.07136,4.829757124,0.308663915,0.457152042,50.0611316,31.26169195,4.82148231,2.836530471,23.38297101,11.36232677,0.158169612,0.093115386,0.251276033
2,126,91.99498253,24.87817932,23671.53993,5.915471409,0.258663915,0.370763278,65.80970303,30.61079879,4.327118715,2.652524028,21.02463767,10.87848261,0.157679298,0.100208422,0.257878756
2,127,92.1790241,30.62817932,20893.71136,6.429757124,0.248663915,0.400851774,60.3011316,34.94783754,4.505526029,3.983781082,23.53297101,17.09361609,0.14525001,0.12745259,0.272693635
2,128,100.0317908,30.32741781,23198.30365,7.377111933,0.325987513,0.434966081,51.5503792,31.0435503,4.802470296,2.759748552,22.10432872,12.22899641,0.164496783,0.097301571,0.26178939
2,129,100.0317908,25.17741781,26443.68651,6.988540505,0.345987513,0.366230584,50.20180777,30.2935503,4.022470296,2.249748552,23.40432872,11.95399641,0.1709052,0.100713017,0.271609253
2,131,86.1790241,35.37375046,16838.13857,5.736383873,0.278171216,0.43933556,50.67276732,30.12638163,3.455197382,2.387089483,20.93361939,10.28705121,0.153296188,0.103178806,0.256466029
2,133,93.03179084,30.22558413,16600.59254,5.099605046,0.377079365,0.39363721,39.91157326,27.29351839,4.815420207,2.675441686,21.79397405,10.90189293,0.1558277,0.089212777,0.245031513
2,134,92.1790241,27.85817932,23152.84279,6.475471409,0.268663915,0.409051417,62.42684588,33.69783754,4.591526029,2.991781082,23.12463767,12.30194943,0.152450658,0.098214079,0.250655771
2,135,91.99498253,22.56817932,26642.51136,6.041185695,0.298663915,0.368149536,63.04398874,28.61079879,3.595118715,2.368524028,21.61630434,11.00348261,0.15199738,0.104282557,0.256270974
2,136,72.88455759,31.47748792,12771.68896,3.222646593,0.308770369,NA,NA,27.61874822,1.796774926,1.970840407,13.35724645,13.11376019,0.095196722,0.097701218,0.192888977
2,137,71.1790241,32.0526783,15836.02946,4.214379319,0.331939469,0.339134953,32.00185663,31.19774184,3.411375763,3.392860485,17.05190703,13.96230566,0.096853355,0.100591184,0.197435576
2,138,70.88455759,34.2926783,22122.60088,6.797236462,0.371939469,0.4243431,33.12185663,28.76159625,3.048332043,2.766609874,16.96024036,13.76434968,0.093560905,0.087719724,0.181271666
2,140,99.88455759,NA,NA,7.35425479,0.275987513,NA,NA,29.13907981,3.61519802,2.867904638,21.43766206,14.73242644,0.144772661,0.113198365,0.257962061
2,141,71.04344111,37.8726783,15928.58946,5.18580789,0.361939469,0.450360677,32.83614234,30.29763371,1.985101183,2.647005712,15.02690703,15.00530785,0.063872136,0.089514867,0.153378039
2,142,99.88455759,34.37741781,20642.47508,7.445683362,0.355987513,0.454460552,44.56752206,31.13907981,4.46819802,3.476904638,23.39599539,15.02409311,0.149383563,0.113572709,0.262947307
2,143,70.88455759,37.3226783,21053.81231,7.060093605,0.341939469,0.413500457,32.11614234,28.21037622,2.528276224,2.700061909,14.76857369,13.83680728,0.082623814,0.089516683,0.172131533
2,145,90.04344111,27.9633697,20682.93186,5.730061278,0.321833015,0.416796392,53.25167684,28.69057744,3.767808567,2.166695775,18.94429825,9.653874427,0.14579942,0.081949354,0.227739809
2,146,79.1790241,38.73191678,12332.75889,4.247448414,0.299263068,0.38629136,35.54824709,33.12634972,4.178147293,3.319782617,17.18159807,14.36828106,0.134635349,0.106979797,0.241606182
2,147,86.1790241,35.08375046,18803.94428,6.387812445,0.268171216,0.4229044,51.20991018,28.37638163,3.967197382,2.553089483,22.99195273,10.01205121,0.172538612,0.108285877,0.280815524
2,148,90.03179084,40.8033697,14691.93757,5.947204135,0.411833015,0.394830239,26.70310541,31.00779044,4.763255883,5.106595887,17.08596491,14.80694383,0.096706678,0.105311248,0.202008962
2,149,106.0317908,24.26184667,13680.95073,3.979056612,0.186480212,0.374261201,91.52160062,33.36500621,7.114798943,4.442440151,18.87868034,11.83556129,0.229445156,0.144711079,0.374147271
2,150,92.9691558,34.32558413,14320.18111,4.996747903,0.287079365,0.371075051,43.92300183,32.71748089,5.08798455,3.049653579,20.37730739,10.13505308,0.139873117,0.082210761,0.222074913
2,151,91.88455759,30.62817932,17988.54564,5.538328552,0.238663915,0.418800492,65.4211316,33.76169195,4.68848231,3.727530471,24.89963767,14.23732677,0.146671841,0.116514079,0.263176955
2,152,72.88455759,33.68748792,15348.42039,4.39978945,0.298770369,0.39828091,42.2055971,33.86874822,2.399774926,2.940840407,16.63224645,17.13876019,0.086624046,0.108945902,0.195560985
2,153,72.9691558,32.78748792,18688.10039,5.382646593,0.288770369,0.393998939,44.50273996,30.39596117,2.915555725,2.769348249,17.19891312,15.06594791,0.093984496,0.090022031,0.183997564
2,155,105.9949825,29.31184667,16219.24787,5.384770898,0.246480212,0.43488564,68.47017205,28.61086259,3.500218893,1.856137759,19.15368034,9.816022908,0.144890478,0.083274016,0.228155531
2,156,NA,NA,NA,NA,NA,NA,NA,NA,NA,NA,NA,NA,NA,NA,NA
2,157,90.04344111,39.5633697,13999.83471,5.490061278,0.341833015,0.360742649,29.84596255,26.44057744,4.695808567,3.388695775,14.90263158,10.17887443,0.11612442,0.083080604,0.199196059
2,158,72.88455759,31.87748792,17080.18039,4.685503736,0.378770369,0.42074787,34.87988281,26.61874822,2.558774926,2.622840407,14.92391312,12.31376019,0.098473719,0.100935434,0.199400189
2,160,66.04344111,33.03565424,NA,NA,0.27986222,NA,NA,33.90475378,1.550493977,2.267929379,17.57189179,16.51094822,0.071847668,0.100067003,0.171905707
2,161,105.9691558,27.18184667,21488.27644,6.436199469,0.386480212,0.398812178,47.57874348,27.5389687,2.997363286,1.962652044,19.53701367,11.84372145,0.125760984,0.082405068,0.208157087
2,162,65.9691558,36.65565424,18385.46355,5.710853991,0.29986222,0.442884761,41.96107687,31.64592927,2.969505636,2.887041384,17.84689179,15.01384444,0.105641831,0.101603101,0.207235969
2,163,65.99498253,30.89565424,21792.76641,5.733711134,0.31986222,0.438220835,46.95536258,32.71782316,2.002361242,2.298527099,16.98855846,15.12781256,0.084086209,0.09828685,0.182364096
2,164,73.03179084,33.68748792,13150.87753,3.634075164,0.318770369,0.348580908,33.7255971,28.97199868,2.794991382,2.944136356,14.99891312,14.0661211,0.091386621,0.101402929,0.192780588
2,165,NA,NA,NA,NA,NA,NA,NA,NA,NA,NA,NA,NA,NA,NA,NA
2,166,105.8845576,23.78184667,36360.65358,9.144770898,0.316480212,0.392060023,61.30445776,29.01175575,3.402582487,2.139144202,19.995347,12.0672913,0.15138573,0.098266763,0.249643528
2,167,93.1790241,29.02558413,27533.24397,8.059605046,0.307079365,0.419706369,53.64871611,31.12641353,3.94824747,1.860396349,21.92730739,9.364154682,0.166101962,0.07712417,0.243217167
2,169,72.9691558,36.26748792,14210.74039,4.376932307,0.318770369,0.398366677,35.57702567,30.14596117,2.622555725,3.000348249,15.76709494,14.65761457,0.093356165,0.107773449,0.201120652
2,170,70.88455759,35.0326783,15980.3266,4.740093605,0.281939469,0.403446194,43.88757091,31.21037622,2.679276224,3.153061909,17.42842218,14.43680728,0.079829929,0.098224668,0.178045633
2,171,73.04344111,35.09748792,14803.1061,4.411218021,0.338770369,0.430907106,37.8855971,27.90478568,2.925544066,2.900236245,15.09891312,13.7380517,0.115032964,0.111870715,0.226894714
2,172,89.99498253,31.9333697,13194.36043,4.164346993,0.311833015,0.387659985,44.46310541,28.75364682,5.038675832,2.899293495,20.84429825,10.52073876,0.152368529,0.090683774,0.24304334
2,173,92.04344111,26.37817932,20587.81422,5.458328552,0.268663915,0.372335396,60.39256017,31.79772941,3.78325145,2.701926308,19.42463767,11.80328495,0.131585385,0.092530339,0.224106759
2,175,85.88455759,38.77375046,11677.19,4.296383873,0.318171216,0.382914108,34.66133875,30.69023604,4.948153662,4.536838872,17.11695273,13.37242855,0.113854568,0.106589405,0.220435008
2,176,79.1790241,30.50191678,17564.07318,4.841734129,0.329263068,0.425470171,46.79396138,27.37634972,2.835147293,2.734782617,13.7149314,11.86828106,0.098137081,0.094912786,0.193040902
2,177,100.0317908,23.10741781,24115.77794,5.91425479,0.325987513,0.404404558,63.04752206,29.2935503,3.261470296,2.475748552,21.57932872,14.31232974,0.152266717,0.120314643,0.272572396
2,179,71.04344111,37.1526783,14459.5266,4.511522176,0.301939469,0.381903663,34.83614234,30.04763371,3.262283001,3.233278439,17.31933127,14.26439876,0.088716127,0.092345504,0.181052666
2,180,86.03179084,29.87375046,17567.63571,5.027812445,0.238171216,0.368869191,58.87848161,28.29348649,3.517370118,2.297134821,19.65861939,10.69978946,0.138224887,0.092644046,0.230859969
2,181,100.1790241,29.02741781,19927.61794,6.142826219,0.375987513,0.406174046,44.81895063,29.12644543,4.564297559,2.361703214,20.54599539,9.699591489,0.162284773,0.083453533,0.245729341
2,182,71.1790241,35.6326783,20276.77231,6.420093605,0.331939469,0.463766177,40.0132852,33.69774184,3.371375763,3.648860485,17.64357369,15.570639,0.084301978,0.098479623,0.182772637
2,183,71.03179084,31.0726783,18393.88088,4.877236462,0.291939469,0.437153139,52.21899948,31.6148467,2.824548499,3.119905823,14.49357369,13.51671058,0.085439102,0.101329121,0.186759259
2,184,92.99498253,35.13558413,14070.16969,5.019605046,0.307079365,0.40569389,43.24871611,32.03937478,5.952840156,4.114139295,24.14397405,14.57402121,0.161098803,0.113506082,0.274595921
2,186,89.9691558,30.9633697,15362.93186,4.70148985,0.321833015,0.369656788,42.69167684,31.43175293,4.118820226,2.27180778,22.31929825,10.5734373,0.145591087,0.07829512,0.223877242
1,870,105.9949825,23.54184667,12777.71644,3.670485183,0.216480212,0.393585274,84.29874348,29.11086259,3.828218893,2.340137759,20.43701367,11.20768957,0.152785946,0.098556044,0.251333027
1,871,85.9691558,26.35375046,20298.92714,5.130669588,0.308171216,0.392262578,53.49562446,26.46744898,4.136934461,3.533346714,14.68361939,10.24128294,0.116994135,0.09994127,0.21692644
1,872,93.03179084,26.68558413,23445.32397,6.322462189,0.347079365,0.439951918,53.83157326,28.54351839,4.360420207,2.776441686,17.44397405,9.4935596,0.137979208,0.090118778,0.228089022
1,873,89.88455759,32.2233697,24594.20043,7.878632707,0.351833015,0.427720145,42.57739112,26.40453998,3.364039427,2.198299938,15.73596491,8.596249586,0.140347014,0.091569516,0.231907565
1,875,113.9949825,22.82108516,14905.52016,4.400697137,0.26380381,0.33805316,65.5022768,28.28947048,4.213990423,2.355059892,20.95837138,11.08033164,0.158122829,0.092995313,0.251109177
1,880,93.03179084,24.78558413,13655.0154,3.465319331,0.307079365,0.297809723,45.43157326,28.54351839,4.375420207,2.460441686,21.41064072,10.7935596,0.1782078,0.103839082,0.282037918
1,883,90.03179084,32.1233697,19951.21757,6.358632707,0.401833015,0.4472638,38.81739112,25.75779044,3.613255883,NA,13.60263158,NA,0.113831252,NA,0.114052891
1,885,85.99498253,29.98375046,21537.24714,6.250669588,0.358171216,0.41344873,42.79848161,26.03934287,4.065790067,3.402832429,14.99195273,12.0385844,0.126919565,0.109949367,0.236859969
1,886,89.88455759,31.9333697,12737.20614,4.015775564,0.381833015,0.404703279,37.40024827,23.60331995,2.952983608,2.326751973,13.21929825,8.460373855,0.10568701,0.081489597,0.187167642
1,887,105.8845576,16.40184667,15343.38501,3.167628041,0.286480212,0.35036183,85.81874348,25.96053573,3.713526668,2.563596237,18.86201367,11.38899132,0.152746297,0.104899443,0.257636775
1,888,85.88455759,33.37375046,16467.22428,5.279241016,0.278171216,0.458389481,55.50705304,27.13901601,4.515097842,3.335290907,16.04195273,9.569886154,0.136347254,0.099824148,0.236162438
1,889,93.04344111,30.02558413,17745.23254,5.408176474,0.397079365,0.426276917,41.12300183,26.47630539,4.331972891,3.055541575,14.58564072,9.13215687,0.125760019,0.08722807,0.212979124
1,891,113.9949825,19.51108516,14256.09159,3.794982851,0.28380381,0.410439005,86.53084823,28.53947048,4.363990423,2.757059892,22.31670471,11.94699831,0.1563207,0.101332625,0.257644361
1,892,89.88455759,33.7333697,17534.22329,5.867204135,0.381833015,0.4842551,43.02310541,26.35331995,4.169983608,2.937751973,15.35263158,10.49370719,0.118155189,0.081996986,0.20014321
1,893,114.1790241,18.89108516,15245.29159,3.886411423,0.26380381,0.318910375,74.45084823,26.12650923,3.887397737,2.611316945,17.05003804,10.07046511,0.150167838,0.100310871,0.250469745
1,895,114.1790241,22.49108516,14026.09159,4.160697137,0.35380381,0.486534347,74.61084823,26.12650923,4.487397737,2.312316945,19.89170471,9.447737843,0.159272054,0.081927382,0.241190471
1,896,90.04344111,27.8433697,17426.70329,4.804346993,0.281833015,0.378760594,54.92024827,28.69057744,4.960808567,3.902695775,16.81096491,11.01296534,0.145030615,0.113150958,0.258172608
1,897,86.04344111,34.31375046,16102.66428,5.302098159,0.278171216,NA,NA,29.47627349,4.620922802,3.042234709,18.23361939,10.7300534,0.154657334,0.10038055,0.255028918
1,901,105.8845576,22.16184667,14430.39073,3.853342326,0.226480212,0.261871546,59.19017205,32.01175575,4.193582487,3.101144202,20.07868034,11.75820039,0.140384056,0.102118046,0.242493137
1,902,93.1790241,33.31558413,14602.16969,4.939605046,0.487079365,0.413463101,29.79728754,21.87641353,3.15824747,2.531396349,13.16897405,8.889154682,0.107001912,0.084638867,0.191631813
1,904,106.0317908,17.97184667,19238.02501,4.081913755,0.256480212,0.388547484,94.19588634,25.86500621,3.324798943,1.905440151,19.33701367,10.14389463,0.154670549,0.095991154,0.250652739
1,905,90.03179084,25.8633697,16287.37757,4.164346993,0.381833015,0.455075768,52.4288197,25.00779044,4.035255883,3.165595887,14.84429825,10.99027716,0.124979466,0.100261184,0.225231686
1,908,105.8845576,19.52184667,15839.5793,3.739056612,0.216480212,0.385892452,100.9730292,28.71053573,3.796526668,2.644596237,19.870347,11.59732466,0.161169405,0.112104339,0.273264779
1,910,86.03179084,30.61375046,17872.31,5.256383873,0.288171216,0.412216765,52.56991018,28.04348649,4.067370118,3.643134821,15.30028606,11.29978946,0.117924577,0.108687045,0.226602659
1,912,86.04344111,34.33375046,12448.66428,4.044955302,0.288171216,0.377918893,43.36991018,26.97627349,3.946922802,3.289234709,15.64195273,10.6050534,0.154485279,0.126956988,0.281433302
1,914,89.88455759,27.0533697,17084.60043,4.575775564,0.281833015,0.365578676,54.81739112,27.35331995,4.692983608,3.330751973,16.98596491,10.12704052,0.159060474,0.111216999,0.270268508
1,915,93.04344111,33.94558413,13086.18111,4.516747903,0.327079365,0.420624275,43.94585897,27.47630539,4.556972891,2.798541575,19.16064072,9.423823536,0.157472397,0.095276506,0.252739937
1,916,90.03179084,29.4333697,16808.61186,4.895775564,0.391833015,0.433023573,42.61167684,27.50779044,2.113255883,2.794595887,15.81929825,11.14027716,0.084527533,0.11307107,0.197589639
1,918,86.04344111,28.53375046,21274.92714,5.862098159,0.398171216,0.413534278,39.67848161,25.97627349,4.066922802,3.545234709,13.85028606,11.68838673,0.119508309,0.104178806,0.22367815
1,923,90.04344111,26.7733697,20843.83471,5.535775564,0.411833015,0.464582969,48.12024827,26.19057744,3.401808567,2.190695775,13.97763158,9.48720776,0.115958903,0.073196121,0.189146059
1,924,86.1790241,30.98375046,16398.61857,4.856383873,0.328171216,0.382429531,41.26705304,27.12638163,5.207197382,3.909089483,15.16695273,10.19538454,0.142529223,0.107194171,0.249714429
1,925,89.88455759,38.9333697,18958.95471,7.330061278,0.331833015,0.436144807,37.82310541,29.35331995,5.556983608,3.997751973,17.50263158,10.82704052,0.130650188,0.093138405,0.223779629
1,927,90.01249044,27.3033697,20836.94329,5.638632707,0.361833015,0.399331328,45.81167684,29.17867598,3.968112398,2.279768983,16.59429825,10.21665512,0.117963459,0.067708081,0.185662576
1,928,85.88455759,28.28375046,18900.31,5.130669588,0.328171216,0.375268099,44.93562446,25.19023604,4.177153662,3.557838872,13.71695273,10.68909521,0.13547018,0.116129438,0.251590653
1,931,93.01249044,25.98558413,20340.26111,5.362462189,0.377079365,0.385613811,45.90014469,26.71440394,3.692276722,2.333614782,15.62730739,9.294937563,0.137624557,0.087016411,0.224632002
1,932,113.8845576,20.62108516,14550.08016,4.012125708,0.26380381,0.435288731,89.78799108,23.13914361,3.458298198,2.329518369,19.50837138,10.65330006,0.169442032,0.11798253,0.287415597
1,933,99.88455759,28.42741781,17318.95508,5.297111933,0.385987513,0.384387554,42.65895063,29.69029984,4.25925384,2.294452603,17.57932872,8.593302171,0.133764442,0.071898981,0.205654458
1,934,113.9949825,20.41108516,12955.50873,3.669268566,0.26380381,0.346710294,74.89656251,28.28947048,3.867990423,2.545059892,20.68337138,11.67199831,0.158494906,0.109654855,0.268140797
1,936,105.8845576,21.73184667,14052.10501,3.704770898,0.216480212,0.242082493,57.61302919,28.26175575,3.965582487,2.287144202,19.27868034,9.9672913,0.155965163,0.091717307,0.247673505
1,937,86.01249044,31.30375046,12204.40143,3.587812445,0.358171216,0.377717776,37.15276732,27.71437204,4.331226633,4.019307917,15.57528606,11.90950075,0.113633463,0.10725715,0.220881649
1,941,93.03179084,38.12558413,10495.8154,4.082462189,0.287079365,0.439661575,45.98014469,31.79351839,4.990420207,2.865441686,20.69397405,10.35189293,0.147102825,0.086687515,0.233781376
1,945,93.03179084,26.45558413,16523.38111,4.448176474,0.427079365,0.394900655,40.48300183,27.29351839,4.403420207,2.660441686,15.35230739,9.385226266,0.118415347,0.073346914,0.191753297
1,946,90.03179084,30.6433697,15176.28043,4.598632707,0.471833015,0.413040814,32.38310541,26.50779044,3.559255883,2.435595887,14.55263158,10.14027716,0.099089255,0.070038295,0.169118586
1,947,93.03179084,33.97558413,13853.83826,4.779605046,0.497079365,0.43980253,30.5744304,24.29351839,3.563965662,2.438532595,14.22654981,9.291892933,0.09064139,0.063382357,0.154014782
1,948,114.0434411,20.51108516,18652.70873,4.789268566,0.29380381,0.367448809,72.24513394,26.4764011,4.108123158,2.263462172,19.26670471,9.838467303,0.166258135,0.093066263,0.259315432
1,951,89.88455759,23.2433697,15605.27471,3.570061278,0.341833015,0.321234081,45.9488197,27.40453998,4.199039427,3.450299938,17.32763158,11.47124959,0.130232831,0.10723995,0.237463816
1,952,114.0434411,18.17108516,12792.33159,3.349268566,0.24380381,0.286816556,72.33656251,27.9764011,4.002123158,2.844462172,19.54170471,12.3384673,0.161201814,0.11409672,0.275289568
1,953,90.04344111,31.6533697,14464.05186,4.530061278,0.391833015,0.422436918,38.95453398,25.44057744,5.119808567,3.527695775,14.72763158,10.24932898,0.124526386,0.085070899,0.209588319
1,954,90.1790241,25.7233697,22571.74329,5.752918421,0.301833015,0.401264549,58.2688197,28.09068557,3.252083147,1.901550549,16.86929825,16.13587224,0.13883784,0.079364803,0.218193678
1,957,89.88455759,32.4433697,14457.12614,4.632918421,0.321833015,0.39758616,43.2288197,28.85331995,4.962983608,3.799751973,18.75263158,11.61037386,0.143633722,0.108718976,0.252343733
1,960,89.88455759,29.6233697,13160.189,3.844346993,0.351833015,0.430217833,47.44596255,27.35331995,4.006983608,2.805751973,15.40263158,9.443707188,0.121921362,0.083961491,0.205873888
1,962,86.1790241,29.35375046,13810.05857,3.827812445,0.318171216,0.396681324,47.15276732,28.62638163,4.204197382,3.969089483,16.05861939,12.47038454,0.127299029,0.120684488,0.247974552
1,965,92.88455759,29.81558413,20786.11254,6.265319331,0.427079365,0.38193805,34.76871611,26.88904791,4.632147931,3.494597772,15.82730739,10.40532296,0.128152132,0.094888693,0.22303186
1,968,85.99498253,29.11375046,17043.00714,4.742098159,0.308171216,0.403093205,51.34705304,24.53934287,4.290790067,3.703832429,14.56695273,11.2885844,0.138615115,0.123390429,0.261996581
1,969,86.03179084,29.48375046,13937.71571,3.884955302,0.388171216,0.423570056,41.26705304,22.54348649,3.299370118,2.448134821,13.09195273,8.658122789,0.121736644,0.092805105,0.214532785
1,971,93.04344111,37.76558413,10954.83254,4.219605046,0.427079365,0.374088472,27.12300183,26.22630539,3.765972891,3.300541575,14.21897405,10.7904902,0.097992846,0.084281139,0.18226502
1,972,90.1790241,37.9733697,16657.83471,6.278632707,0.351833015,0.385826037,33.00024827,28.84068557,4.631083147,3.019550549,17.50263158,9.41087224,0.155229505,0.100095011,0.255315551
1,973,92.9691558,18.78558413,23564.94683,4.49389076,0.277079365,0.329622317,72.78014469,27.71748089,3.71198455,2.039653579,20.57200436,8.849447022,0.149012163,0.080099364,0.229102562
1,977,91.88455759,39.19817932,16908.92279,6.658328552,0.288663915,0.379917797,38.73541731,32.26169195,4.92348231,3.248530471,19.13297101,9.878993436,0.129527446,0.085344794,0.214863276
1,984,89.99498253,26.8633697,20211.469,5.375775564,0.341833015,0.409581154,49.99453398,25.75364682,3.375675832,2.633293495,14.26096491,9.512405434,0.113171912,0.09146806,0.204631009
1,986,99.88455759,27.97741781,18621.88079,5.571397648,0.355987513,0.376627873,44.93323635,29.69029984,4.72125384,2.596452603,18.29599539,8.551635505,0.14126825,0.077193954,0.218453239
1,987,114.1790241,19.58108516,12224.08016,3.429268566,0.25380381,0.38957509,88.97656251,29.12650923,4.748397737,3.140316945,21.44170471,11.34546511,0.180349587,0.118763973,0.299104595
1,990,89.9691558,29.7533697,15498.349,4.564346993,0.401833015,0.393733122,37.27453398,26.93175293,4.853820226,4.12580778,16.61096491,11.49010397,0.131899627,0.111304984,0.243195646
1,991,89.88455759,29.7733697,13977.75471,4.107204135,0.291833015,0.448237784,58.65739112,27.85331995,5.150983608,3.965751973,15.46929825,10.36037386,0.129378965,0.098664947,0.228034948
1,995,114.0434411,27.90108516,10272.42302,3.909268566,0.24380381,0.326897338,56.40513394,30.2264011,5.224123158,3.480462172,22.60003804,11.60513396,0.184364267,0.120599406,0.304954707
1,997,85.88455759,30.37375046,15166.99571,4.376383873,0.388171216,0.420723017,39.62133875,24.63901601,4.022097842,3.782290907,15.56695273,11.91988616,0.114503525,0.107692894,0.222187454
1,998,89.88455759,36.8933697,15683.309,5.730061278,0.321833015,0.432646077,41.61739112,27.90453998,3.871039427,2.773299938,14.29429825,9.279582919,0.113247949,0.081348251,0.194587235
1,999,93.03179084,35.19558413,14511.43826,5.179605046,0.427079365,0.422937487,32.91728754,27.04351839,4.745420207,3.285441686,16.55230739,10.06022626,0.11682169,0.08214982,0.198962545
1,1000,73.1790241,30.84748792,17377.06039,4.594075164,0.338770369,0.431071563,42.79988281,28.55489381,2.843818645,3.118091018,14.92391312,13.52004951,0.088222965,0.100201022,0.188415024
1,1001,85.99498253,25.45375046,22519.27,5.519241016,0.358171216,0.409644699,50.86705304,21.78934287,3.986790067,3.230832429,13.41695273,9.7135844,0.13178246,0.110392959,0.242166456
1,1002,65.88455759,25.22565424,14398.66355,2.533711134,0.29986222,0.3853108,56.21250544,31.56749629,1.854669017,2.383985577,13.03022513,13.01744765,0.0634259,0.083318703,0.146735639
1,1008,99.99498253,35.42741781,16294.09794,6.142826219,0.335987513,0.397811546,40.12180777,34.53940668,4.894890245,2.64944616,20.71266206,9.576124687,0.125691859,0.069068901,0.194751796
1,1009,85.88455759,30.52375046,15731.99,4.582098159,0.278171216,0.310036109,40.14705304,27.19023604,4.533153662,3.498838872,16.34195273,10.87242855,0.150866296,0.116861395,0.267718726
1,1012,86.1790241,29.81375046,21849.81857,6.307812445,0.278171216,0.376271834,51.70133875,30.37638163,5.187197382,4.125089483,17.47528606,11.77038454,0.141965842,0.113278678,0.255235556
1,1014,114.0317908,17.40108516,11727.12016,3.086411423,0.28380381,0.329439759,77.94799108,26.5436141,4.055570473,2.542362283,18.77503804,11.37487003,0.152489267,0.098368786,0.250849088
1,1015,86.1790241,32.15375046,15563.53285,4.776383873,0.268171216,0.406304214,53.39276732,30.12638163,5.693197382,4.859089483,16.60861939,11.57871788,0.133943143,0.115560095,0.249494273
1,1019,91.88455759,30.45817932,18363.80279,5.629757124,0.398663915,0.404510311,38.17541731,25.76169195,4.05948231,2.676530471,14.62463767,8.420660103,0.126684612,0.083512008,0.210187655
1,1020,113.8845576,18.35108516,13862.76587,3.566411423,0.30380381,0.374820056,78.99941966,25.88914361,3.898298198,2.413518369,18.94170471,10.04496672,0.162397568,0.101385196,0.263773799
1,1021,86.04344111,32.66375046,14331.04143,4.456383873,0.278171216,0.435388709,55.10705304,24.72627349,3.357922802,2.902234709,13.97528606,9.738386726,0.127744342,0.108887613,0.23662299
1,1023,93.1790241,29.87558413,22799.31254,6.882462189,0.337079365,0.414656827,46.79157326,27.12641353,4.79624747,3.699396349,15.76064072,9.939154682,0.121815042,0.092693791,0.214499868
1,1024,93.1790241,NA,NA,NA,0.407079365,NA,NA,28.87641353,4.05024747,3.090396349,14.40230739,10.36415468,0.116598833,0.087759264,0.204349133
1,1026,93.1790241,31.31558413,13106.28397,4.185319331,0.337079365,0.333970724,36.30014469,28.87641353,4.51124747,2.818396349,18.95230739,9.955821352,0.152866318,0.09436768,0.247225034
1,1027,89.9691558,25.2533697,22563.97186,5.650061278,0.431833015,0.367995359,38.1888197,25.18175293,4.199820226,2.51880778,15.36096491,9.706770641,0.121659714,0.071554133,0.193204883
1,1028,85.9691558,23.69375046,19717.29285,4.456383873,0.268171216,0.356418893,63.38133875,27.71744898,4.035934461,2.951346714,17.16695273,11.29961627,0.136883601,0.098619366,0.235494001
1,1029,86.04344111,25.52375046,20672.92714,5.062098159,0.368171216,0.428243836,51.20991018,25.22627349,3.881922802,2.980234709,14.95861939,10.6050534,0.139744024,0.105794036,0.245529095
1,1031,114.0434411,22.76108516,18210.90302,5.109268566,0.28380381,0.34004209,62.87370537,29.4764011,4.259123158,3.138462172,19.60003804,11.4634673,0.148843101,0.106079585,0.25491372
1,1034,91.88455759,29.09817932,13050.67136,3.835471409,0.328663915,0.330436126,40.0611316,26.51169195,4.953174618,3.556684317,13.96630434,9.245660103,0.128403039,0.092037888,0.220431962
1,1035,NA,NA,NA,NA,NA,NA,NA,NA,NA,NA,NA,NA,NA,NA,NA
1,1036,85.99498253,29.87375046,21321.27,6.159241016,0.308171216,0.38772268,46.91276732,27.78934287,4.930790067,2.907832429,16.07528606,11.2885844,0.135261145,0.083036092,0.218288274
1,1037,114.0124904,18.69108516,17431.9773,4.240697137,0.25380381,0.387476351,92.41656251,27.46449964,4.033426988,2.371535379,20.72503804,10.41791466,0.158903501,0.095340329,0.254234865
1,1038,86.1790241,32.06375046,18566.97285,5.736383873,0.348171216,0.4098722,40.27276732,28.62638163,6.527197382,4.572089483,16.23361939,10.46205121,0.142066266,0.100391607,0.242448907
1,1039,90.01249044,24.3333697,18990.829,4.575775564,0.361833015,0.358366142,46.14310541,27.42867598,3.606112398,2.208768983,14.26096491,8.783321788,0.120203881,0.073496597,0.193691514
1,1041,89.9691558,35.9533697,19526.55471,6.975775564,0.381833015,0.433671249,35.72024827,28.93175293,5.226820226,NA,15.64429825,NA,0.125445101,NA,0.12566674
1,1042,91.88455759,26.18817932,NA,NA,0.298663915,NA,NA,28.26169195,4.51548231,2.968530471,17.75797101,10.22899344,0.147212562,0.096795464,0.243999061
1,1045,89.88455759,24.0033697,22919.97186,5.455775564,0.381833015,0.464574068,57.75453398,25.85331995,4.096983608,2.572751973,15.23596491,16.65204052,0.129879834,0.080007674,0.209878543
1,1047,89.99498253,32.9533697,16774.06329,5.478632707,0.361833015,0.419480985,40.20024827,24.25364682,4.351675832,3.024293495,15.62763158,9.576041798,0.132826859,0.095322065,0.228139961
1,1048,93.04344111,28.57558413,17699.39254,5.13389076,0.447079365,0.474830473,42.95157326,24.22630539,3.499972891,2.404541575,14.66897405,8.748823536,0.125285205,0.084620102,0.209896341
1,1049,92.88455759,28.76558413,15838.54683,4.631033617,0.417079365,0.454108094,44.11728754,24.63904791,3.600147931,2.386597772,15.40230739,7.880322964,0.138469501,0.090037495,0.228498032
1,1053,85.99498253,28.93375046,14144.01285,3.862098159,0.318171216,0.370389481,45.70133875,25.03934287,4.723790067,4.148832429,15.93361939,11.2885844,0.140431865,0.127220551,0.267643453
1,1054,85.9691558,32.17375046,20066.39,6.239241016,0.318171216,0.406374409,43.76991018,25.96744898,4.514934461,4.043346714,16.25861939,12.4329496,0.137242897,0.122752474,0.259986405
1,1056,105.9691558,18.85184667,13753.27073,3.259056612,0.226480212,0.33357526,85.67017205,28.5389687,4.577363286,3.165652044,19.70368034,11.61038811,0.152816857,0.103006338,0.25581423
1,1057,92.9691558,28.46558413,20246.64969,5.831033617,0.457079365,0.432808942,38.40300183,25.21748089,3.74398455,2.303653579,15.71897405,9.026719749,0.11982275,0.072059662,0.191873448
1,1060,99.88455759,26.19741781,18089.11508,5.102826219,0.495987513,0.37158358,35.68752206,26.69029984,3.65525384,2.404452603,14.09099539,10.16678702,0.106948035,0.069034866,0.175973935
1,1062,89.9691558,28.5833697,15698.269,4.438632707,0.381833015,0.424072729,44.23453398,27.43175293,4.283820226,3.37380778,16.96096491,10.91510397,0.120901497,0.094213412,0.215105944
1,1064,120.9691558,22.88291884,18760.89985,5.546775452,0.272711958,0.460264314,84.46679702,27.46760849,3.833184905,2.498881042,18.60205937,11.67680033,0.146314317,0.093710924,0.240016274
1,1065,86.04344111,29.96375046,19136.10428,5.519241016,0.328171216,0.397840462,44.43276732,24.47627349,4.624922802,3.285234709,15.06695273,9.796720059,0.143612922,0.101156224,0.244760181
1,1066,93.03179084,34.70558413,12118.78683,4.288176474,0.357079365,0.389020241,36.26585897,28.29351839,4.703420207,3.529441686,16.80230739,10.47689293,0.130656865,0.099493213,0.230141115
1,1068,120.9691558,24.88291884,7501.014132,3.272489738,0.252711958,0.367327733,68.20393988,27.71760849,2.967184905,2.130881042,17.9853927,12.66846699,0.138726487,0.102589001,0.241306522
1,1069,90.04344111,29.6233697,17954.62329,5.272918421,0.341833015,0.454310045,51.65167684,25.19057744,4.129808567,2.536695775,14.71096491,7.703874427,0.133191521,0.080426044,0.2136086
1,1071,92.99498253,36.08558413,16918.19254,6.17389076,0.327079365,0.382323598,37.6944304,28.53937478,5.504840156,3.094139295,19.32730739,9.332354543,0.165791157,0.096024863,0.261807056
1,1072,114.0317908,15.91108516,10541.40587,2.732125708,0.33380381,0.304843767,69.14799108,22.7936141,2.661570473,1.286362283,17.19170471,8.508203363,0.145789267,0.0848823,0.230662602
1,1073,89.88455759,36.2433697,16660.55471,5.992918421,0.381833015,0.46333563,38.21167684,25.60331995,3.942983608,2.634751973,14.45263158,9.268707188,0.115336185,0.075730604,0.191057824
1,1074,85.9691558,30.54375046,12670.08143,3.644955302,0.308171216,0.355477335,42.02133875,25.21744898,4.259934461,3.651346714,15.26695273,10.87461627,0.130521735,0.111503317,0.242016087
1,1077,89.99498253,26.1233697,19621.93757,5.078632707,0.381833015,0.400299056,45.08024827,26.25364682,4.137675832,2.529293495,16.16929825,10.0790721,0.132406848,0.084064468,0.216462353
1,1079,93.1790241,28.07558413,20249.86111,5.762462189,0.367079365,0.359099453,39.87728754,27.87641353,4.79224747,3.636396349,14.19397405,9.455821349,0.112981382,0.084444548,0.197416965
1,1082,92.9691558,25.95558413,18819.22111,4.962462189,0.457079365,0.387307922,38.0144304,23.21748089,2.89398455,1.782653579,13.81064072,7.218386416,0.106326322,0.063788657,0.170106014
1,1083,86.01249044,34.72375046,12470.93857,4.102098159,0.288171216,0.424943824,48.10133875,29.21437204,5.732226633,4.939307917,15.73361939,11.60116742,0.128793242,0.113057172,0.24184145
1,1084,93.1790241,23.73558413,22823.0154,5.488176474,0.327079365,0.364578142,54.0944304,28.62641353,4.09924747,2.764396349,17.01897405,9.605821349,0.137519145,0.091602125,0.229112305
1,1086,99.99498253,29.94741781,15839.83508,5.11425479,0.485987513,0.404381329,34.54466492,25.53940668,2.714890245,1.37144616,15.82099539,7.901124687,0.102793702,0.056528929,0.159313666
1,1089,120.9691558,23.20291884,9195.825561,3.523918309,0.262711958,0.3119607,61.12965416,24.21760849,3.515184905,2.538881042,19.27705937,12.22680033,0.159247764,0.117332796,0.276571593
1,1090,93.04344111,28.18558413,23192.44397,6.608176474,0.357079365,0.450844463,51.42014469,27.22630539,5.044972891,2.984541575,16.51064072,8.55715687,0.14848797,0.08643001,0.234909014
1,1091,90.03179084,28.1333697,12917.52614,3.58148985,0.321833015,0.426263586,53.85739112,27.75779044,4.147255883,2.838595887,15.75263158,9.89861049,0.128404542,0.090261184,0.218656762
1,1097,92.9691558,27.21558413,13280.96969,3.69389076,0.307079365,0.287085205,38.98585897,27.21748089,3.82598455,3.160653579,15.86897405,10.87671975,0.142799918,0.116359936,0.259150889
1,1098,105.9691558,20.52184667,11898.03644,3.110485183,0.246480212,0.295551987,67.20160062,29.2889687,3.819363286,3.019652044,19.32868034,13.06872145,0.148410649,0.115678079,0.264079764
1,1100,86.03179084,33.18375046,14258.34428,4.502098159,0.298171216,0.413671979,47.70133875,27.04348649,3.860370118,2.528134821,15.90028606,9.624789456,0.146916306,0.098639573,0.245546914
1,1101,99.88455759,27.08741781,15404.09794,4.55425479,0.385987513,0.363866905,42.15609349,28.69029984,3.40025384,2.531452603,17.88766206,11.44330217,0.128549546,0.095769189,0.22430977
1,1102,90.1790241,34.5133697,19237.45757,6.587204135,0.391833015,0.425616626,35.73167684,27.09068557,3.720083147,NA,13.72308613,NA,0.100017316,NA,0.100238955
1,1104,113.9949825,21.20108516,23192.32016,5.829268566,0.26380381,0.337425457,69.91370537,28.53947048,4.814990423,3.218059892,20.08337138,11.08866497,0.158084505,0.105929918,0.264005459
1,1110,93.1790241,27.86558413,20929.68969,5.899605046,0.437079365,0.387455015,37.02014469,27.12641353,3.25624747,2.175396349,14.17730739,8.405821349,0.098511359,0.06464071,0.163143104
1,1112,93.04344111,31.67558413,14059.92969,4.528176474,0.407079365,0.452864397,40.6544304,24.97630539,4.641972891,4.017541575,14.76064072,9.948823533,0.109996129,0.093585228,0.203572392
1,1113,92.9691558,26.59558413,16881.0954,4.562462189,0.377079365,0.386995147,44.43728754,24.96748089,3.85198455,2.894653579,14.85230739,9.226719749,0.120990506,0.089278458,0.210259998
1,1114,105.9691558,25.04184667,14170.27644,4.196199469,0.176480212,0.378933259,94.33302919,32.5389687,4.068363286,2.735652044,22.58701367,13.42705478,0.174381897,0.117662993,0.292035925
1,1115,114.0317908,20.30108516,13730.54873,3.806411423,0.23380381,0.342313294,81.73084823,28.2936141,4.570570473,3.009362283,19.95837138,12.11653669,0.155795842,0.102910587,0.258697464
1,1116,113.9949825,22.97108516,10257.04016,3.406411423,0.15380381,0.339872338,99.09084823,34.78947048,3.432990423,3.255059892,18.50003804,15.40533164,0.122690371,0.113708009,0.236389416
1,1118,99.99498253,35.72741781,13480.74936,5.19425479,0.485987513,0.402636408,29.58466492,26.03940668,3.488890245,2.14944616,15.73766206,9.017791354,0.105162783,0.06652994,0.171683759
1,1120,89.99498253,29.1133697,14645.02329,4.210061278,0.331833015,0.437847172,51.85739112,27.25364682,5.295675832,3.452293495,18.42763158,10.7540721,0.147146642,0.09875838,0.245896059
1,1121,85.9691558,31.54375046,15313.87571,4.604955302,0.338171216,0.374620647,39.09562446,28.21744898,4.405934461,3.837346714,16.71695273,12.3829496,0.134700547,0.117022225,0.251713807
1,1122,91.88455759,29.32817932,22431.75707,6.612614266,0.378663915,0.457101774,46.68970303,27.26169195,3.76448231,2.776530471,14.88297101,10.02066011,0.108491727,0.079904719,0.188387481
1,1123,85.88455759,33.19375046,15496.84714,4.924955302,0.268171216,0.397412343,50.10133875,28.69023604,4.452153662,2.950838872,15.66695273,9.664095218,0.134005279,0.08930468,0.223300994
1,1124,113.8845576,26.54108516,18277.69159,5.806411423,0.22380381,0.373306236,70.8622768,29.69036364,4.053354017,2.744066334,21.09170471,12.65584246,0.157382124,0.1071323,0.264505459
1,1125,113.9691558,16.52108516,16792.65159,3.760697137,0.31380381,0.351986624,80.0622768,25.21757659,3.730134816,2.298574176,18.12503804,9.76636351,0.150788139,0.093301473,0.244080647
1,1126,85.88455759,30.54375046,25584.53857,7.610669588,0.328171216,0.431672403,48.75276732,25.94023604,4.292153662,3.528838872,13.91695273,10.46409521,0.126259496,0.10485241,0.231102941
1,1130,113.8845576,19.18108516,16065.8973,4.069268566,0.29380381,0.364682934,75.47941966,28.13914361,3.543298198,2.362518369,18.63337138,10.84496672,0.147231633,0.09822772,0.245450388
1,1131,91.88455759,31.26817932,19365.15136,6.086899981,0.358663915,0.373468758,37.93541731,31.26169195,5.20548231,3.702530471,18.38297101,11.14566011,0.130783991,0.092847412,0.223622438
1,1132,93.03179084,19.18558413,11114.76397,2.219605046,0.407079365,0.362772804,53.80871611,24.29351839,4.971420207,2.590441686,16.36897405,8.270074751,0.142893551,0.076762557,0.219647144
1,1133,93.1790241,27.11558413,20158.03254,5.53389076,0.407079365,0.403667005,42.24300183,25.62641353,4.07724747,2.370396349,17.21897405,9.741427409,0.155928335,0.089540873,0.245460244
1,1134,89.88455759,31.0133697,12949.32043,3.958632707,0.391833015,0.362917404,33.7088197,26.90453998,4.343039427,2.603299938,17.44429825,9.571249586,0.135999892,0.081614252,0.217605178
1,1136,93.1790241,24.65558413,19879.96397,4.97389076,0.347079365,0.376145185,50.1744304,28.12641353,4.80024747,2.929396349,16.67730739,9.280821349,0.162662929,0.098130392,0.260784356
1,1137,106.0434411,20.89184667,18976.48215,4.584770898,0.246480212,0.406108957,87.83017205,27.04779321,3.584351628,2.44954004,18.36201367,10.5324919,0.144762522,0.098588146,0.243341702
1,1139,92.88455759,30.83558413,13934.74111,4.379605046,0.387079365,0.415594211,40.3344304,27.13904791,4.760147931,3.549597772,16.25230739,10.15532296,0.125551896,0.091849027,0.217391959
