Data,Genotype,HI,GY,GN,AGDM,SPI,LPI,TSPI,I2PI,I3PI,I2L,I3L,Ht
C18,AGS_2000_JJ,0.44,6128.577,19168.47,4595,0.28,0.11,0.46,0.19,0.11,15.1,7.53,27.63
C18,AGS_2020,0.47,4806.282,11731.31,3470,0.33,0.12,0.41,0.15,0.09,8.4,8.82,28.38
C18,AGS_2026,NA,NA,NA,NA,NA,NA,NA,NA,NA,NA,NA,NA
C18,AGS_2060,0.37,6306.859,17707.71,3750,0.28,0.13,0.45,0.1,0.11,17.34,12.43,28.52
C18,AGS_2485,0.39,2288,5785.35,4475,0.35,0.12,0.42,0.09,0.08,12.47,8.66,26.38
C18,AGS_CL7,0.43,5289.141,11032.09,3330,0.27,0.15,0.43,0.12,0.07,15.92,8.11,26.82
C18,AGS2000,0.41,5137.6,11779.05,4741.5,0.3,0.13,0.43,0.12,0.09,17.8,10.75,29.73
C18,AGS2038,0.32,3313.141,8226.08,4015,0.23,0.17,0.46,0.13,0.09,19.5,10.8,31.63
C18,AGS2060,NA,NA,NA,NA,NA,NA,NA,NA,NA,NA,NA,NA
C18,AR00343-5-1,0.3,4375.423,13836.82,3710,0.22,0.17,0.46,0.14,0.09,16.11,8.86,30.8
C18,AR01040-4-1,NA,NA,NA,NA,NA,NA,NA,NA,NA,NA,NA,NA
C18,AR01156-2-1,0.26,2028,7800,4075,0.28,0.15,0.4,0.12,0.09,15.35,9.19,27.3
C18,AR01163-3-1,0.31,3097.718,11687.35,3720,0.31,0.14,0.41,0.13,0.11,19.75,14.36,26.55
C18,AR04016-4,0.39,5066.282,13356.23,1715,0.25,0.19,0.42,0.26,0.19,20.29,9.29,28.27
C18,AR04119-3,NA,NA,NA,NA,NA,NA,NA,NA,NA,NA,NA,NA
C18,AR06017-6-2,0.2,2243.423,5653.77,6840,0.16,0.14,0.39,0.1,0.05,20.36,19.14,30.38
C18,AR06024-7-2,0.35,3773.718,8653.28,4200,0.26,0.11,0.45,0.08,0.06,14.53,9.32,27.77
C18,AR06050-7-2,0.28,2904.577,10033.98,3410,0.25,0.15,NA,NA,0.12,NA,NA,29.55
C18,AR07047-13-2,0.23,1530.282,4605.71,3305,0.24,0.13,NA,0.12,0.08,NA,NA,32.05
C18,AR07076-20-1,0.35,6195.423,12723.55,3740,0.36,0.15,0.44,0.14,0.13,19.75,13.02,26.52
C18,AR07090-1-4,NA,NA,NA,NA,NA,NA,NA,NA,NA,NA,NA,NA
C18,AR07114-3-4,0.38,3937.141,7600.55,2930,0.33,0.14,0.36,0.15,0.12,20.02,13.76,27.27
C18,AR07117-12-1,0.43,6002.282,11032.11,4735,0.27,0.12,0.44,0.13,0.1,17.21,9.42,33.02
C18,AR07119-1-4,0.41,3186.859,7308.03,NA,0.29,NA,NA,NA,NA,20.27,8.27,NA
C18,AR07124-1-4,0.35,3580.577,7998.02,3975,0.13,0.19,0.51,0.16,0.15,18.53,18.71,30.88
C18,AR910,0.42,4449.718,9564.81,3520,0.24,0.12,0.49,0.18,0.11,17.7,13.45,30.55
C18,AR99015-3-3,0.49,6789.718,13402.05,1860,0.26,0.17,0.4,0.12,0.1,15.66,11.93,28.82
C18,ARGA061147-23-6-2,NA,NA,NA,NA,NA,NA,NA,NA,NA,NA,NA,NA
C18,ARLA05104F-18-1,0.21,2607.423,6654.47,3520,0.28,0.18,0.38,0.21,0.12,17.31,9.18,24.88
C18,ARLA07058C-4-4,0.42,4189.718,9612.53,1325,0.25,0.21,NA,0.23,0.12,NA,NA,26.52
C18,ARLA07080C-3-4,0.41,5237.141,14257.63,3305,0.26,0.13,NA,0.25,0.19,NA,NA,26.8
C18,ARLA07084C-10-1,0.32,4382.859,8664.89,5305,0.31,0.15,0.39,NA,NA,NA,NA,30.38
C18,ARS05-0241,0.43,4628,12336.63,3110,0.32,0.13,0.4,0.1,0.08,14.01,9.71,24.52
C18,ARS05-0401,NA,NA,NA,NA,NA,NA,NA,NA,NA,NA,NA,NA
C18,ARS07-0404,0.37,4538.859,14972.25,4560,0.4,0.12,0.36,0.15,0.1,16.44,10.16,26.05
C18,ARS07-0912,0.28,2897.141,6003.09,3220,0.29,0.13,0.44,0.25,0.19,16.33,10.46,25.94
C18,ARS09-776,NA,NA,NA,NA,NA,NA,NA,NA,NA,NA,NA,NA
C18,Baldwin,0.44,4865.718,10969.17,4105,0.24,0.15,0.43,0.09,0.09,18.84,18.66,37.63
C18,Coker_65-20,NA,NA,NA,NA,NA,NA,NA,NA,NA,NA,NA,NA
C18,Coker_762,0.39,3966.859,11423.29,3800,0.34,0.14,0.29,NA,NA,NA,NA,25.19
C18,Coker_797_JJ,0.47,6217.718,16893.58,1410,0.34,0.24,0.4,0.12,NA,9.93,11.85,28.57
C18,Coker_9553,0.37,6136,15153.68,3885,0.27,0.12,NA,NA,NA,NA,NA,30.8
C18,Coker_9663_Syn,0.43,4226.859,10796,5550,0.29,0.16,0.69,0.23,0.19,19.51,14.24,30.82
C18,Coker_9766,0.5,4947.423,12069.55,2820,0.33,0.17,0.28,0.06,0.03,9.45,8.8,25.82
C18,Coker_9803_CG,0.23,2184,5203.11,3735,0.2,0.17,0.38,0.12,0.07,15.65,8.66,28.63
C18,Coker_9835_PM,0.39,4152.577,9168.79,3925,0.34,0.16,0.4,0.16,0.13,14.44,10.08,23.38
C18,Delta_King_GR9108,0.37,5222.282,11472.03,3050,0.24,0.13,0.48,0.17,0.12,15.84,8.25,32.13
C18,FG95195,0.44,5207.423,9636.39,4800,0.28,0.13,0.46,0.13,0.07,17.75,8.74,29.07
C18,FL_302_JJ,0.41,5370.859,10252.07,3580,0.29,0.15,0.41,0.1,0.06,19.85,10.48,28.55
C18,FL01108C-K2,NA,NA,NA,NA,NA,NA,NA,NA,NA,NA,NA,NA
C18,FL02006C-K1,0.43,4635.423,9630.77,4065,0.22,0.13,0.5,0.09,0.06,17.06,8.22,31.13
C18,FL02036C-K6,NA,NA,NA,NA,NA,NA,NA,NA,NA,NA,NA,NA
C18,FL14P359-LA09161C-7,0.4,4516.577,11683.14,2690,0.27,0.15,0.42,0.15,0.09,18.12,9.67,28.27
C18,FL14P364-LA09198C-32,0.4,5534.282,15721.92,4285,0.35,0.12,NA,0.14,0.09,NA,NA,23.8
C18,FL14P368-LA09128UC-41,0.37,5356,10586.05,3850,0.24,0.14,NA,0.23,0.12,17,17,32.55
C18,FL14P375-LW08089D-P2,0.44,5757.141,13370.88,4225,0.28,0.16,0.4,0.1,0.1,12.1,11.51,29.77
C18,GA-00034-7A17,NA,NA,NA,NA,NA,NA,NA,NA,NA,NA,NA,NA
C18,GA00067-8E35,0.47,4546.282,12811.31,4180,0.25,0.14,0.42,0.12,0.09,8.31,10.06,25.77
C18,GA001138-8E36,0.47,4739.423,10876.88,3725,0.27,0.16,NA,0.07,0.04,NA,NA,26.44
C18,GA001138-8E37,0.43,5578.859,13078.64,4705,0.25,0.16,0.45,NA,0.1,10.89,6.59,27.63
C18,GA001142-9E23,0.3,2889.718,6922.62,4735,0.2,0.15,NA,0.2,0.12,NA,NA,28.52
C18,GA001142-9E24,0.4,4576,9920,6720,0.29,0.14,0.45,0.1,0.06,11.18,7.07,30.63
C18,GA001169-7E15,NA,NA,NA,NA,NA,NA,NA,NA,NA,NA,NA,NA
C18,GA01063-1-3-6-2-G2,0.34,4397.718,13499.52,2825,0.43,0.1,0.32,0.07,0.09,15.54,9.8,22.05
C18,GA011493-8E18,0.39,4850.859,12234.78,4110,0.26,0.14,0.44,NA,NA,15.44,12.26,31.05
C18,GA021245-9E16,0.3,3692,7550.24,3635,0.29,0.16,0.41,NA,NA,NA,NA,28.3
C18,GA021338-9E4,0.48,6032,12477.31,3710,0.35,0.14,0.38,0.08,0.04,NA,NA,24.77
C18,GA021338-9EE11,0.41,6500,14514.56,5080,0.27,0.17,0.39,0.11,0.11,13.8,11.21,31.02
C18,GA02328-8A21,0.3,1842.282,3907.46,3900,0.23,0.16,0.45,NA,0.08,17.16,12.36,27.52
C18,GA03060-9E29,0.37,6544.577,16748.69,3960,0.35,0.16,0.43,0.09,0.05,17.87,8.12,NA
C18,GA03564-9EE42,0.41,4524,11874.73,1350,0.26,0.2,0.43,0.22,0.13,22.54,8.22,27.02
C18,GA04434-12LE28,NA,NA,NA,NA,NA,NA,NA,NA,NA,NA,NA,NA
C18,GA051207-14E53(13ESc11),0.39,3855.423,11246.23,4790,0.25,0.13,0.43,0.12,0.11,18.47,14.14,32.77
C18,GA051336-B-B-1,0.4,4268.524,22411.82,3900,0.26,0.16,NA,0.15,0.08,NA,NA,30.55
C18,GA05450-15LE41,NA,NA,NA,NA,NA,NA,NA,NA,NA,NA,NA,NA
C18,GA061082-13E24,0.37,4680,10388.57,4980,0.26,0.18,0.41,NA,0.1,NA,NA,26.13
C18,GA061157-15LE39,0.38,4694.859,14345.39,5340,0.26,0.12,0.46,0.14,0.08,14.99,8.26,29.38
C18,GA061471-15LE38,0.39,4475.718,9392.35,3510,0.24,0.15,0.45,0.18,0.12,15.85,8.79,32.13
C18,GA06283-15LE25,0.37,5378.282,12339.47,3310,0.32,0.1,0.42,NA,NA,NA,NA,25.3
C18,GA06493-13LE6,NA,NA,NA,NA,NA,NA,NA,NA,NA,NA,NA,NA
C18,GA07026-14LE4,NA,NA,NA,NA,NA,NA,NA,NA,NA,NA,NA,NA
C18,GA071227-15LE7,NA,NA,NA,NA,NA,NA,NA,NA,NA,NA,NA,NA
C18,GA071598-15LE12,0.37,4268.524,10586.05,4350,0.27,0.15,0.47,0.15,0.08,19.22,9.96,29.32
C18,GA071630-12LE9,NA,NA,NA,NA,NA,NA,NA,NA,NA,NA,NA,NA
C18,GA07169-15E3,0.38,4546.282,10234.75,4630,0.25,0.15,NA,0.22,0.12,NA,NA,25.77
C18,GA07270-12E15,0.41,4026.282,7658.39,6560,0.24,0.13,0.5,0.2,0.11,18.74,9.41,31.57
C18,GA07323-15E2,0.44,3862.859,9759.11,3910,0.39,0.1,0.38,0.12,0.08,15.49,9.32,27.38
C18,GA08028-15LE11,0.32,4806.282,15598.42,4150,0.22,0.16,0.44,0.16,0.12,NA,NA,30.63
C18,GA081018-15LE13,0.42,5816.577,11020,3935,0.28,0.17,0.39,0.13,0.09,16.41,11.8,26.94
C18,GA081018-15LE14,0.41,7428.577,13901.1,3530,0.32,0.11,0.43,0.11,0.1,17.96,14.06,26.94
C18,GA081174-15E34,0.29,2347.423,5735.79,3400,0.25,0.18,0.44,0.09,0.11,8.73,12.74,25.32
C18,GA081183-15LE31,0.24,2934.282,6855.81,4895,0.31,0.12,0.43,0.06,NA,14.8,8.8,30.94
C18,GA081222-15E39,NA,NA,NA,NA,NA,NA,NA,NA,NA,NA,NA,NA
C18,GA081293-15LE2,0.46,4546.282,16330.99,5435,0.38,0.12,0.43,0.1,0.06,15.34,9.63,29.69
C18,GA081515-G1-G2,0.41,4605.718,10969.23,4270,0.36,0.14,0.39,0.12,NA,17.45,11.05,25.02
C18,GA08250-15LE46,0.38,4917.718,12550.61,4155,0.28,0.16,0.42,0.1,0.1,15.08,13.85,26.3
C18,GA08510-15E9,0.4,4576,13034.46,3035,0.32,0.13,0.45,0.1,0.09,10.54,7.88,28.38
C18,GA09283-G1-G1,0.49,3432,6957.76,4350,0.28,0.13,0.28,0.11,0.09,10.72,9.64,30.13
C18,GA10041-15E59,0.37,4268.524,10586.05,3970,0.38,0.11,0.37,0.18,0.11,16.06,9.34,24.19
C18,GA222-22-5,0.3,3276,8622.35,2845,0.26,0.21,0.38,0.19,0.1,16.51,8.42,24.63
C18,GA991227-6A33,0.48,5794.282,15366.53,4555,0.3,0.17,0.37,NA,0.04,15.32,10.69,26.02
C18,GA991371-6E12,0.46,4672.577,10950.81,4915,0.26,0.16,0.43,0.09,0.06,13.39,7.75,30.38
C18,Gore_JJ,0.15,4268.524,1890.91,3380,0.13,0.15,0.51,0.13,0.1,18.38,18.38,25.07
C18,Hilliard,0.37,4268.524,10586.05,2655,0.26,0.14,NA,0.08,0.07,NA,NA,29.55
C18,Hunter,0.32,2369.718,6794.29,3640,0.2,0.14,0.51,0.2,0.11,13.56,9.41,32.38
C18,IL00-8641,0.39,3068,6577.41,4870,0.29,0.13,0.42,0.13,0.1,12.15,9.12,26.38
C18,IL05-4236,NA,NA,NA,NA,NA,NA,NA,NA,NA,NA,NA,NA
C18,IL96-6472,NA,NA,NA,NA,NA,NA,NA,NA,NA,NA,NA,NA
C18,INW0304,NA,NA,NA,NA,NA,NA,NA,NA,NA,NA,NA,NA
C18,Jamestown,0.36,4464.577,14341.33,3685,0.41,0.11,0.4,0.07,0.07,15.89,9.85,28.05
C18,Jamestown_PM,0.42,3773.718,12513.29,4080,0.33,0.15,0.38,0.18,0.11,15.24,9.73,27.55
C18,Jaypee_CS,NA,NA,NA,NA,NA,NA,NA,NA,NA,NA,NA,NA
C18,Keiser,0.35,4977.141,14467.58,4570,0.28,0.13,0.44,0.1,0.07,12.41,9.17,30.3
C18,KY02C-1121-11,0.4,3974.282,10657.14,3810,0.32,0.08,0.41,NA,NA,12.24,9.56,28.05
C18,LA0110D-150,0.44,5526.859,10548.35,3355,0.33,0.18,0.39,0.12,0.1,12.15,10.47,27.55
C18,LA01110D-100-6-4,0.13,3380,8233.34,3265,0.19,0.12,0.42,0.26,0.12,15.87,20.89,26.77
C18,LA01110D-81-1-B,0.3,3417.141,8542.86,4780,0.31,0.16,0.37,0.12,0.1,18.69,12.57,28.55
C18,LA01139D-86-6-2,0.34,5088.577,13082.88,5880,0.34,NA,0.41,0.06,0.04,9.27,7.92,33.05
C18,LA02015E201,0.42,3907.423,10240.71,3565,0.28,0.15,0.42,0.13,0.08,17.17,9.91,26.52
C18,LA02015E42,0.34,3796,10205.83,3940,0.28,0.14,NA,0.1,0.08,NA,NA,27.38
C18,LA02015E58,0.36,3001.141,8830.85,4385,0.22,0.21,0.43,0.12,0.07,16.97,8.1,25.63
C18,LA02024E12,0.42,3669.718,8734.88,2690,0.25,0.19,NA,NA,0.12,NA,NA,25.02
C18,LA02024E7,0.38,3766.282,6723.55,2780,0.25,0.17,0.45,0.13,0.08,16.79,7.74,22.38
C18,LA03012E-27,0.42,4925.141,9793.1,2575,0.41,0.11,0.35,0.15,0.08,13.44,8.1,24.05
C18,LA03118E117,0.37,4268.524,10586.05,3610,0.31,0.13,0.4,0.14,0.08,16.91,7.18,23.38
C18,LA03136E71,0.3,4018.859,9809.34,4115,0.24,0.14,0.47,0.15,0.07,20.76,10.16,25.94
C18,LA03148E12,0.41,6202.859,10668.19,4115,0.33,0.09,0.4,0.17,0.11,15.45,9.89,26.38
C18,LA03155D-P13,0.35,3959.423,9485.22,4035,0.35,0.13,0.31,0.08,0.07,13.45,10.59,26.27
C18,LA03161D-P1,0.43,4041.141,10610.99,3230,0.32,0.12,0.43,0.11,0.08,13.08,8.9,26.82
C18,LA03200E-2,NA,NA,NA,NA,NA,NA,NA,NA,NA,NA,NA,NA
C18,LA03200E-23,0.45,5311.423,10819.58,1225,0.27,0.24,NA,0.11,0.1,NA,NA,26.32
C18,LA03217D-P2,0.22,2726.282,6634.23,3200,0.24,0.15,0.5,0.1,0.05,NA,NA,29.63
C18,LA03217E2,0.37,4268.524,10586.05,4105,0.3,0.12,0.45,0.11,0.07,17.12,8.17,29.38
C18,LA03224E-39,NA,NA,NA,NA,NA,NA,NA,NA,NA,NA,NA,NA
C18,LA04013D-142,NA,NA,NA,NA,NA,NA,NA,NA,NA,NA,NA,NA
C18,LA04041D-10,0.42,3848,9534.62,4700,0.33,0.1,0.42,0.09,0.06,17.92,9.32,30
C18,LA06146E-P4,0.39,3053.141,7023.35,4545,0.34,0.17,0.4,0.09,0.09,14.18,11.85,24.32
C18,LA06146E-P7,0.36,2793.141,6301.27,3165,0.2,0.13,0.36,0.17,0.11,16.1,10.23,26.52
C18,LA07040D-P01,0.45,6819.423,14450.46,3545,0.32,0.17,0.45,0.1,0.09,13.69,11.34,27.82
C18,LA07128C-91,0.44,5913.141,14208.87,4095,0.31,0.1,0.43,0.17,0.11,12.79,8.64,26.8
C18,LA08041D-42,0.42,5950.282,13169.33,3410,0.25,0.15,0.43,NA,0.11,NA,NA,31.05
C18,LA08062C-P5,0.44,4152.577,9993.13,4110,0.31,0.14,0.42,0.16,0.09,16.57,7.46,27.88
C18,LA08090C-9-2,0.36,2726.282,4944.64,3800,0.33,0.11,0.41,NA,NA,11.93,7.31,29.63
C18,LA08095C-23,0.43,3380,7966.97,3080,0.27,0.12,0.46,0.14,0.08,15.43,8.02,27.32
C18,LA08095D-4,0.45,5162.859,12420.45,3555,0.26,0.17,0.4,NA,0.13,17.93,10.05,27.02
C18,LA08265C-50,0.24,2822.859,6495.07,3160,0.24,0.14,0.43,0.13,0.09,18.04,10.42,25.52
C18,LA09011UB-2,0.31,3446.859,9072.05,5050,0.33,0.13,0.39,0.09,0.08,19.07,14.35,33.3
C18,LA09013UB-3,0.42,5935.423,14558.59,3940,0.33,0.15,0.37,0.13,0.1,15.8,12.33,26.55
C18,LA09050C-P4,0.37,3053.141,7003.39,5360,0.31,0.14,0.42,0.11,0.09,16.3,9.77,27.27
C18,LA09122UB-43,0.29,1901.718,4554.18,3675,0.14,0.14,0.38,0.07,0.17,15.93,10.03,26.94
C18,LA09224C-28,0.47,4583.423,17262.7,5090,0.32,0.16,0.39,0.17,0.11,8.79,10.17,26.69
C18,LA09264C-P2,0.45,3372.577,6720.43,4195,0.33,0.12,0.36,0.1,0.06,NA,NA,NA
C18,LA754,0.37,4420,10586.05,5900,0.25,0.15,0.47,0.07,0.05,11.85,7.89,31.55
C18,LA821,0.42,4798.859,11253.49,3810,0.33,0.15,0.39,0.1,0.05,20.21,9.87,27.05
C18,LA841,0.35,4672.577,11723.42,4615,0.31,0.12,0.46,0.19,0.1,22.21,9.65,28.44
C18,LA97113UC-124,0.31,4561.141,10344.24,NA,0.29,NA,NA,NA,NA,15.93,8.53,NA
C18,Madison_CS,0.38,4056,11026.02,NA,0.29,NA,NA,NA,NA,NA,NA,NA
C18,MAGNOLIA,NA,NA,NA,NA,NA,NA,NA,NA,NA,NA,NA,NA
C18,Massey_CG,NA,NA,NA,NA,NA,NA,NA,NA,NA,NA,NA,NA
C18,McNair_701,NA,NA,NA,NA,NA,NA,NA,NA,NA,NA,NA,NA
C18,MD00W16-07-3,0.29,4145.141,11980.37,4445,0.33,0.14,0.39,0.1,0.09,16.96,13.17,27.63
C18,MD99W64-05-11,0.35,4293.718,8882.45,2965,0.34,0.13,0.4,0.12,0.09,14.98,10.14,24.94
C18,NC06BGTAG12,0.27,1901.718,5468.63,3725,0.3,0.14,0.41,0.25,NA,NA,NA,25.55
C18,NC07-24445,NA,NA,NA,NA,NA,NA,NA,NA,NA,NA,NA,NA
C18,NC08-23089,0.44,4041.141,8893.97,4735,0.33,0.09,0.28,0.13,NA,15.05,10.3,19.34
C18,NC08-23090,NA,NA,NA,NA,NA,NA,NA,NA,NA,NA,NA,NA
C18,NC08-23323,0.3,4204.577,10693.54,3530,0.26,0.16,NA,NA,0.11,NA,NA,23.94
C18,NC08-23324,0.29,4308.577,12060.32,4450,0.29,0.11,NA,NA,NA,NA,NA,27.05
C18,NC08-23383,0.33,3669.718,11264.02,3270,0.28,0.16,0.29,0.16,0.15,14.55,12.59,24.05
C18,NC10080-122,0.31,2325.141,5681.35,2780,0.22,0.16,0.46,0.13,0.1,16.08,9.39,27.02
C18,NC10080-134CL,0.5,7168.577,18398.63,3345,0.35,0.2,0.28,0.08,0.05,8.6,6.3,25
C18,NC10080-139CL,NA,NA,NA,NA,NA,NA,NA,NA,NA,NA,NA,NA
C18,NC11-21899,0.32,5044,14436.4,3880,0.25,0.13,NA,NA,0.09,NA,NA,30.55
C18,NC11-22289,0.34,3573.141,8167.19,4930,0.29,0.12,0.41,0.19,0.12,21.32,12.22,30.55
C18,NC11-23321,0.38,4048.577,10794.17,4855,0.24,0.14,NA,0.13,0.07,20,20,34.8
C18,NC11-5-16-21,0.37,4078.282,12282.21,5275,0.32,0.12,0.37,0.16,0.15,18.27,15.2,27.8
C18,NC12-20850,NA,NA,NA,NA,NA,NA,NA,NA,NA,NA,NA,NA
C18,NC12-21224,0.25,2882.282,10418.42,NA,0.29,NA,NA,0.2,NA,NA,NA,NA
C18,NC12-22844,0.17,1849.718,7742.01,2685,0.14,0.18,0.6,0.26,0.17,20,20,24.8
C18,NC12-23576,NA,NA,NA,NA,NA,NA,NA,NA,NA,NA,NA,NA
C18,NC13-20076,0.44,5593.718,16514.78,4030,0.39,0.11,0.37,0.12,0.07,11.2,7.24,28.05
C18,NC13-20218,0.23,2496,10880,3870,0.25,0.17,NA,0.11,0.1,NA,NA,25.55
C18,NC13-20631,NA,NA,NA,NA,NA,NA,NA,NA,NA,NA,NA,NA
C18,NC13-20722,NA,NA,NA,NA,NA,NA,NA,NA,NA,NA,NA,NA
C18,NC13-20773,0.4,4561.141,10869.69,4290,0.26,0.15,0.46,0.14,0.07,18.51,9.47,34.19
C18,NC13-21321,0.39,4590.859,13553.95,7400,0.28,0.13,0.42,NA,NA,19.11,10.87,26.8
C18,NC13-21338,0.27,2614.859,5490.65,4455,0.19,0.14,NA,0.11,0.07,NA,NA,27.77
C18,NC13-22726,NA,NA,NA,NA,NA,NA,NA,NA,NA,NA,NA,NA
C18,NC97BGTAB9,NA,NA,NA,NA,NA,NA,NA,NA,NA,NA,NA,NA
C18,Oglethorpe,0.36,4219.423,12924.9,NA,0.29,NA,NA,NA,NA,NA,NA,NA
C18,Pioneer_2580_CG,NA,NA,NA,NA,NA,NA,NA,NA,NA,NA,NA,NA
C18,Pioneer_2684_CG,0.38,4680,11942.31,4355,0.34,0.12,0.38,0.17,0.17,20.61,15.62,26.05
C18,Pioneer_26R24_CG,NA,NA,NA,NA,NA,NA,NA,NA,NA,NA,NA,NA
C18,Pioneer_26R31_CG,NA,NA,NA,NA,NA,NA,NA,NA,NA,NA,NA,NA
C18,Pioneer_26R46_CG,NA,NA,NA,NA,NA,NA,NA,NA,NA,NA,NA,NA
C18,Pioneer_26R61_JJ,0.43,7346.859,13998.95,NA,0.29,NA,NA,NA,NA,14.31,8.68,NA
C18,Rosen,0.32,2926.859,7978.37,3085,0.28,0.12,0.41,0.1,0.11,9.99,9.38,23.77
C18,SCAR99175B1,0.4,4954.859,9931.7,3740,0.33,0.11,0.43,0.11,0.09,17.12,13.7,27.8
C18,SCLA1102G1,0.27,3409.718,8699.58,4845,0.24,0.15,0.43,0.08,0.07,12.6,7.55,29.38
C18,SCLA1110R1,NA,NA,NA,NA,NA,NA,NA,NA,NA,NA,NA,NA
C18,SCLA99049D-E1-J1,NA,NA,NA,NA,NA,NA,NA,NA,NA,NA,NA,NA
C18,SCTX98-20-J10,0.4,4145.141,9110.21,5280,0.2,0.17,0.49,0.13,0.12,17.48,12.34,30.77
C18,SCW010025G1,0.39,4694.859,10551.04,3685,0.35,0.13,0.36,0.14,0.1,18.44,12.8,27.55
C18,SCW010025K1,0.47,5363.423,11804.13,3815,0.24,0.16,0.48,0.13,0.09,14.87,14.55,28.82
C18,SCW990013A1,0.32,3907.423,8810.87,2475,0.28,0.14,0.42,0.2,0.17,19.7,14.1,25.05
C18,Severn,NA,NA,NA,NA,NA,NA,NA,NA,NA,NA,NA,NA
C18,SH555,0.29,3751.423,9038.27,4845,0.33,0.11,0.41,0.07,0.05,15.96,9.3,27.19
C18,SS8641,0.33,4694.118,12539.77,4619.5,0.26,0.12,0.43,0.13,0.09,15.73,9.34,31.05
C18,SS8641_JJ,NA,NA,NA,NA,NA,NA,NA,NA,NA,NA,NA,NA
C18,Tribute_CG,0.3,2577.718,8903.79,2800,0.28,0.11,NA,0.15,0.09,NA,NA,26.02
C18,TX12D4625,0.4,5430.282,14522.4,3860,0.26,0.14,0.45,NA,0.12,NA,NA,29.3
C18,TX12D4700,NA,NA,NA,NA,NA,NA,NA,NA,NA,NA,NA,NA
C18,TX12D4768,0.3,2570.282,5720.27,4460,0.26,0.14,0.46,0.06,0.06,15.58,10.79,31.02
C18,TX12D4845,NA,NA,NA,NA,NA,NA,NA,NA,NA,NA,NA,NA
C18,TX13D5129,0.37,5623.423,12020.49,7050,0.34,0.13,0.45,0.09,NA,NA,NA,32.05
C18,TX13D5137,0.28,2399.423,5063.02,4030,0.21,0.19,0.4,0.11,0.09,15.5,9.88,25.27
C18,TX13D5237,NA,NA,NA,NA,NA,NA,NA,NA,NA,NA,NA,NA
C18,TX13D5252,NA,NA,NA,NA,NA,NA,NA,NA,NA,NA,NA,NA
C18,TX14D8086,NA,NA,NA,NA,NA,NA,NA,NA,NA,NA,NA,NA
C18,TX14D8234,0.27,3298.282,11091.58,6340,0.26,0.15,0.38,0.14,0.09,15.54,NA,30.05
C18,TX14D8301,0.36,4167.423,9278.08,1525,0.24,0.16,NA,0.12,0.12,NA,NA,27.07
C18,TX14D8504,0.4,3328,7655.14,1810,0.26,0.17,0.43,NA,0.1,13.73,9.23,26.57
C18,USG_3120,0.37,4268.524,10586.05,5515,0.34,0.14,0.38,0.11,0.07,16.79,10.16,29.44
C18,USG_3209_PM,NA,NA,NA,NA,NA,NA,NA,NA,NA,NA,NA,NA
C18,USG_3555_JJ,NA,NA,NA,NA,NA,NA,NA,NA,NA,NA,NA,NA
C18,USG3120,0.42,4197.141,12310.81,4075,0.34,0.12,0.4,0.17,0.1,13.25,8.12,24.05
C18,VA_90,NA,NA,NA,NA,NA,NA,NA,NA,NA,NA,NA,NA
C18,VA00W-38,0.37,4268.524,10586.05,4080,0.3,0.16,0.43,0.12,0.08,17.72,9.32,25.19
C18,VA01W713,0.49,4382.859,8905.66,1705,0.27,0.18,0.28,0.18,0.09,8,8,23.13
C18,VA05W-151,0.37,4330.859,14632.16,4290,0.32,0.11,0.38,0.15,0.1,13.6,9.68,28.05
C18,VA07MAS4-7417-1-3-3,0.41,5356,13599.65,4455,0.29,0.14,NA,0.11,0.11,NA,NA,28.55
C18,VA12W-72,0.32,3365.141,6346.98,4195,0.27,0.12,NA,0.14,0.1,NA,NA,25.3
C18,VA12W-97,0.39,3484,8238.51,4180,0.28,0.14,0.39,NA,NA,NA,NA,26.55
C18,VA13W-124,NA,NA,NA,NA,NA,NA,NA,NA,NA,NA,NA,NA
C18,VA13W-177,NA,NA,NA,NA,NA,NA,NA,NA,NA,NA,NA,NA
C18,Wakeland_CG,NA,NA,NA,NA,NA,NA,NA,NA,NA,NA,NA,NA
Combined,AGS_2000_JJ,0.507,5078.906,12476.2398,3921.32,0.27,0.14,0.43,0.13,0.1,17.06,11.68,30.38
Combined,AGS_2020,0.611,5608.428,12654.3648,1200,0.29,0.13,0.42,0.12,0.09,7.98,10,31.75
Combined,AGS_2026,0.26,1420.062,8166.5838,2501.12,0.29,0.13,0.41,0.11,0.1,12.62,10.01,28.91
Combined,AGS_2060,0.455,5725.17,20193.9258,1500,0.3,0.11,0.45,0.14,0.11,17.73,12.25,33.93
Combined,AGS_2485,0.468,4177.614,10521.573,2661.23,0.32,0.13,0.45,0.12,0.1,16.03,11.43,29.17
Combined,AGS_CL7,0.507,5871.432,11546.5926,3518.07,0.28,0.13,0.43,0.12,0.09,17.74,11.43,31.88
Combined,AGS2000,0.455,5288.864,11739.6972,3348.02,0.27,0.13,0.43,0.12,0.1,17.97,12.63,33.42
Combined,AGS2038,0.39,5211.752,10357.2648,3752.22,0.3,0.14,0.41,0.11,0.09,19.91,12.94,34.57
Combined,AGS2060,0.377,4696.944,10987.6164,3442.97,0.28,0.1,0.48,0.17,0.15,17.52,12.39,33.28
Combined,AR00343-5-1,0.416,4788.658,12422.5344,3820.11,0.3,0.13,0.42,0.12,0.09,18.18,12.03,33.55
Combined,AR01040-4-1,0.351,4040.274,9947.07,3572.76,0.3,0.14,0.41,0.12,0.1,18.67,12.49,31.48
Combined,AR01156-2-1,0.39,3808.728,13443.393,3463.33,0.27,0.13,0.44,0.1,0.08,16.61,12.15,30.74
Combined,AR01163-3-1,0.416,4976.16,13208.9178,2765.71,0.3,0.14,0.42,0.12,0.1,17.34,12.5,32.25
Combined,AR04016-4,0.403,4413.36,9838.3368,1838.75,0.28,0.13,0.44,0.2,0.16,18.35,11.31,31.07
Combined,AR04119-3,0.429,5586,12166.5816,3939.28,0.26,0.15,0.45,0.12,0.09,17.79,11.29,32.74
Combined,AR06017-6-2,0.429,5085.192,11221.5786,4088.03,0.31,0.13,0.43,0.12,0.09,20.64,12.83,30.78
Combined,AR06024-7-2,0.39,3801.224,10059.9756,3608.65,0.24,0.13,0.47,0.11,0.09,16.88,12.06,31.44
Combined,AR06050-7-2,0.299,2794.218,7257.9924,3715.12,0.25,0.13,0.45,0.11,0.11,15.99,12.34,31.05
Combined,AR07047-13-2,0.286,2945.586,7331.5794,2748.35,0.24,0.13,0.45,0.12,0.1,18.02,12.68,34.73
Combined,AR07076-20-1,0.455,5597.34,12963.111,3024.3,0.28,0.12,0.46,0.13,0.12,18.37,13.49,32.96
Combined,AR07090-1-4,0.39,3673.922,8777.0994,3117.13,0.21,0.14,0.48,0.11,0.11,19.34,14.24,36
Combined,AR07114-3-4,0.468,4110.33,8808.9054,2511.22,0.31,0.13,0.4,0.15,0.11,18.21,12.44,32.05
Combined,AR07117-12-1,0.468,6162.786,13758.2496,3336.41,0.24,0.12,0.47,0.12,0.1,17.73,12.38,38.84
Combined,AR07119-1-4,0.403,6210.946,18767.991,2927.34,0.29,0.15,0.41,0.16,0.1,10,12.24,26.54
Combined,AR07124-1-4,0.546,5347.804,15041.0688,4020.49,0.23,0.16,0.43,0.13,0.11,7.55,12.88,33.88
Combined,AR910,0.442,4656.918,12801.6756,2707.13,0.27,0.12,0.46,0.13,0.1,18.33,13.72,34.32
Combined,AR99015-3-3,0.507,5314.6,15502.176,1500,0.29,0.13,0.4,0.13,0.11,16.22,14.06,32.94
Combined,ARGA061147-23-6-2,0.221,2636.984,5163.1854,2848.49,0.2,0.13,0.52,0.19,0.16,16.46,12.86,34.02
Combined,ARLA05104F-18-1,0.403,4770.584,11024.3586,3182.83,0.29,0.15,0.41,0.16,0.11,18.65,12.37,30.62
Combined,ARLA07058C-4-4,0.429,5994.408,13364.676,3061.77,0.31,0.15,0.4,0.14,0.1,17.25,10.48,31.51
Combined,ARLA07080C-3-4,0.351,4470.41,11294.6754,2487.77,0.29,0.12,0.45,0.2,0.21,16.9,11.65,29.44
Combined,ARLA07084C-10-1,0.442,5450.116,13066.3038,3590.91,0.32,0.14,0.4,0.13,0.1,24.42,12.61,31.7
Combined,ARS05-0241,0.481,5006.834,11865.6102,2963.59,0.32,0.14,0.4,0.12,0.12,16.63,11.09,29.18
Combined,ARS05-0401,0.364,3730.762,7221.786,2378.3,0.28,0.16,0.39,0.16,0.11,18.64,11.02,29.87
Combined,ARS07-0404,0.26,3354.708,10222.6422,3148.16,0.35,0.14,0.37,0.09,0.09,17.03,11.18,29.41
Combined,ARS07-0912,0.429,4504.122,8337.561,2398.36,0.36,0.12,0.39,0.08,0.1,15.4,11.26,29.22
Combined,ARS09-776,0.26,2139.956,4085.6574,2550.6,0.27,0.16,0.42,0.11,0.11,16.56,12.73,31.24
Combined,Baldwin,0.494,5614.252,11807.9718,3642.22,0.32,0.14,0.4,0.11,0.09,17.27,12.42,35.74
Combined,Coker_65-20,0.312,2767.184,5562.1512,2115.23,0.23,0.15,0.46,0.13,0.12,21.81,14.52,36.73
Combined,Coker_762,0.494,6097.756,16990.2066,4193.63,0.35,0.15,0.35,0.12,0.09,16.21,11.17,28.06
Combined,Coker_797_JJ,0.51,6468.91,15193.692,1507.86,0.22,0.19,0.39,0.15,0.1,9.55,12.81,32.7
Combined,Coker_9553,0.221,2395.274,5546.4876,2464.33,0.24,0.16,0.45,0.13,0.11,18.85,13.4,32.81
Combined,Coker_9663_Syn,0.5,4331.012,9978.249,4270.55,0.42,0.11,0.43,0.06,0.11,10.94,10,34.36
Combined,Coker_9766,0.455,4894.792,11197.878,3067.18,0.27,0.11,0.45,0.14,0.11,18.68,13.12,32.95
Combined,Coker_9803_CG,0.351,4810.064,11101.8444,2710.35,0.31,0.15,0.39,0.13,0.1,18.07,11.43,30.84
Combined,Coker_9835_PM,0.494,4951.072,12412.5024,3223.88,0.35,0.14,0.37,0.07,0.1,16.43,11.32,30.09
Combined,Delta_King_GR9108,0.299,4334.358,10713.5034,3086.67,0.27,0.13,0.45,0.11,0.1,17.57,13.06,36.25
Combined,FG95195,0.442,4700.346,8909.3622,3590.8,0.29,0.14,0.42,0.12,0.09,18.02,11.03,31.3
Combined,FL_302_JJ,0.442,4407.984,8963.193,3117.36,0.27,0.14,0.43,0.11,0.09,18.3,12.44,32.48
Combined,FL01108C-K2,0.364,4141.396,7864.2444,2734.44,0.19,0.21,0.43,0.08,0.08,16.68,15,32.08
Combined,FL02006C-K1,0.468,4517.716,8463.9642,3606.82,0.28,0.13,0.44,0.11,0.09,19.12,13.5,33.94
Combined,FL02036C-K6,0.325,5871.026,12506.8716,3550.52,0.26,0.15,0.44,0.12,0.09,19.51,13.05,32.64
Combined,FL14P359-LA09161C-7,0.442,4634.392,12920.9196,2856.91,0.29,0.17,0.38,0.12,0.09,17.07,12.03,31.6
Combined,FL14P364-LA09198C-32,0.338,4316.984,10035.4884,3422.41,0.33,0.12,0.39,0.14,0.1,16.91,12.3,27.44
Combined,FL14P368-LA09128UC-41,0.325,2292.276,5127.9594,3287.54,0.26,0.12,0.47,0.09,0.08,13.51,11.36,33.79
Combined,FL14P375-LW08089D-P2,0.468,5758.018,12250.4856,3360.23,0.29,0.15,0.44,0.13,0.1,15.16,12.1,31.26
Combined,GA-00034-7A17,0.338,4990.426,11972.5878,3723.5,0.28,0.16,0.4,0.11,0.09,18.54,12.73,31.97
Combined,GA00067-8E35,0.481,5459.09,14831.3202,3778.09,0.29,0.14,0.41,0.11,0.1,16.01,11.3,28.46
Combined,GA001138-8E36,0.416,4576.026,10723.5696,3541.5,0.32,0.13,0.4,0.11,0.08,17.05,11.17,29.78
Combined,GA001138-8E37,0.429,5754.854,12482.4642,3987.79,0.29,0.13,0.43,0.12,0.09,17.23,11.38,30.43
Combined,GA001142-9E23,0.351,3586.856,9237.1578,3243.23,0.27,0.15,0.43,0.12,0.09,18.24,12.29,31.29
Combined,GA001142-9E24,0.455,6453.986,12394.1028,1500,0.37,0.11,0.39,0.1,0.08,16.86,11.59,32.86
Combined,GA001169-7E15,0.403,5012.62,20442.0582,1933.33,0.43,0.09,0.38,0.07,0.09,18.4,9.83,28.12
Combined,GA01063-1-3-6-2-G2,0.377,4465.146,12494.5482,2910.83,0.38,0.12,0.36,0.1,0.08,10,11.29,27.86
Combined,GA011493-8E18,0.429,6238.596,11868.882,3426.53,0.3,0.14,0.41,0.11,0.08,18.67,12.98,34.1
Combined,GA021245-9E16,0.377,4327.946,8824.8768,3649.14,0.32,0.16,0.38,0.09,0.07,17.94,11.68,32.4
Combined,GA021338-9E4,0.507,5788.398,12206.151,3600.59,0.27,0.13,0.44,0.17,0.13,17.98,11.31,31.68
Combined,GA021338-9EE11,0.455,4743.67,15049.9266,3542.96,0.35,0.26,0.38,0.11,0.11,16.25,12.42,33.89
Combined,GA02328-8A21,0.442,5217.66,10634.9346,4178.52,0.33,0.13,0.39,0.1,0.08,18.38,12.59,34.21
Combined,GA03060-9E29,0.403,6240.332,11060.4054,3170.14,0.26,0.18,0.39,0.11,0.09,17.44,10.65,32.9
Combined,GA03564-9EE42,0.494,5825.974,13631.4474,1230.92,0.27,0.12,0.46,0.16,0.11,19.2,12.17,31.26
Combined,GA04434-12LE28,0.39,6234.662,13206.7632,3516.95,0.22,0.17,0.44,0.12,0.1,18.58,11.49,35.41
Combined,GA051207-14E53(13ESc11),0.416,4131.932,9906.1554,3751.3,0.26,0.13,0.43,0.12,0.1,18.23,13.27,34.32
Combined,GA051336-B-B-1,0.39,4491.788,12967.0098,3624.92,0.25,0.17,0.43,0.14,0.1,17.5,12.67,32.13
Combined,GA05450-15LE41,0.195,2594.858,7087.1748,2578.8,0.3,0.16,0.42,0.13,0.12,14.85,14.39,28.95
Combined,GA061082-13E24,0.468,4882.584,11340.3096,2627.41,0.3,0.14,0.42,0.13,0.11,17.57,12.29,28.46
Combined,GA061157-15LE39,0.429,4808.244,14403.2616,3937.7,0.32,0.12,0.41,0.12,0.09,16.43,11.02,30.89
Combined,GA061471-15LE38,0.455,4477.648,10114.2852,3416.44,0.25,0.15,0.43,0.11,0.1,17.87,12.27,32.25
Combined,GA06283-15LE25,0.338,4527.698,10755.9342,2840.55,0.29,0.14,0.43,0.14,0.11,19.3,12.75,28.97
Combined,GA06493-13LE6,0.221,2181.662,4765.314,2626.62,0.25,0.16,0.41,0.12,0.1,14.99,11.61,29.28
Combined,GA07026-14LE4,0.234,2555.112,5740.2078,3782.53,0.18,0.18,0.46,0.1,0.11,15.92,15,32.4
Combined,GA071227-15LE7,0.312,3861.564,8418.2274,2731.6,0.28,0.19,0.41,0.14,0.1,19.6,12.09,33.39
Combined,GA071598-15LE12,0.481,5335.386,11689.2864,4113.19,0.27,0.15,0.41,0.11,0.08,18.83,12.33,31.9
Combined,GA071630-12LE9,0.416,6426.448,12985.9908,3326.33,0.24,0.18,0.42,0.13,0.1,20.98,11.41,31.64
Combined,GA07169-15E3,0.51,4817.148,8815.3806,1500,0.36,0.11,0.35,0.08,0.05,10,12.99,29.26
Combined,GA07270-12E15,0.468,5193.062,10303.7988,4091.06,0.27,0.13,0.44,0.15,0.18,18.98,12.13,35.64
Combined,GA07323-15E2,0.51,5601.694,12275.4858,3338.76,0.33,0.2,0.4,0.12,0.09,10,11.68,34.63
Combined,GA08028-15LE11,0.364,4959.458,13465.167,3463.71,0.28,0.13,0.44,0.11,0.08,18.91,13.98,36.06
Combined,GA081018-15LE13,0.507,6412.224,11840.5644,3062.01,0.31,0.15,0.4,0.12,0.09,18.32,12.28,32.5
Combined,GA081018-15LE14,0.468,6022.478,12196.8486,3740.59,0.27,0.15,0.42,0.12,0.09,18.57,13.07,32.18
Combined,GA081174-15E34,0.416,5036.654,11735.4906,3009.31,0.3,0.14,0.42,0.12,0.11,16.56,13.66,29.89
Combined,GA081183-15LE31,0.416,5288.598,12008.4978,3562.87,0.35,0.16,0.4,0.09,0.08,17.01,12.51,32.6
Combined,GA081222-15E39,0.468,6167.266,13421.5278,1540.96,0.29,0.1,0.47,0.12,0.1,13.88,9.05,27.78
Combined,GA081293-15LE2,0.494,5958.442,14073.5964,4530.64,0.31,0.13,0.41,0.11,0.09,18.27,12.11,32.05
Combined,GA081515-G1-G2,0.52,5996.718,15479.1708,3705.2,0.34,0.12,0.41,0.13,0.1,18.12,10.95,28.77
Combined,GA08250-15LE46,0.403,4590.138,11809.5336,2997.3,0.28,0.14,0.43,0.12,0.1,17.02,13.16,29.31
Combined,GA08510-15E9,0.5,5585.11,19672.296,2857,0.34,0.12,0.39,0.1,0.09,8,12.21,30.09
Combined,GA09283-G1-G1,0.598,4188.058,9548.7996,3194.07,0.31,0.13,0.41,0.11,0.08,10,11.04,31.61
Combined,GA10041-15E59,0.481,4534.74,9552.6072,3345.15,0.33,0.13,0.41,0.14,0.11,16.61,11.6,28.77
Combined,GA222-22-5,0.351,3743.166,10005.3126,4308.28,0.32,0.3,0.39,0.13,0.11,18.33,12.37,31.66
Combined,GA991227-6A33,0.468,5677.966,13262.361,3567.57,0.3,0.15,0.39,0.11,0.09,16.77,11.83,30.47
Combined,GA991371-6E12,0.546,4834.354,10734.6504,3726.88,0.33,0.13,0.39,0.12,0.08,7.83,12.04,30.72
Combined,Gore_JJ,0.416,4713.968,10211.5614,3168.53,0.26,0.12,0.48,0.14,0.11,17.08,11.12,30.72
Combined,Hilliard,0.312,4542.02,12336.1566,2765.15,0.25,0.17,0.4,0.1,0.08,16.27,12.16,33.42
Combined,Hunter,0.377,3554.39,9066.9672,3062.14,0.29,0.11,0.45,0.13,0.09,16.24,11.41,33.14
Combined,IL00-8641,0.481,4335.926,11131.4958,3549.94,0.29,0.13,0.44,0.13,0.1,16.3,11.97,30.44
Combined,IL05-4236,0.468,2818.76,6056.934,3412.46,0.25,0.15,0.43,0.12,0.1,17.23,12.18,29.04
Combined,IL96-6472,0.234,2374.134,5689.0788,2213.34,0.22,0.14,0.44,0.12,0.11,15.37,10.87,29.04
Combined,INW0304,0.377,1684.438,4232.7402,2410.13,0.24,0.11,0.5,0.13,0.13,14.74,16.05,30.52
Combined,Jamestown,0.39,3717.14,10283.8374,2686.53,0.3,0.16,0.4,0.12,0.11,15.15,12.04,29.98
Combined,Jamestown_PM,0.442,3666.11,10086.8112,3200.2,0.32,0.14,0.4,0.14,0.11,21.88,11.28,28.03
Combined,Jaypee_CS,0.338,2261.532,5663.7594,2918.74,0.33,0.11,0.42,0.12,0.1,18.02,12.73,32.14
Combined,Keiser,0.377,4418.708,11727.465,2885.3,0.25,0.14,0.45,0.13,0.1,17.24,12.54,33.95
Combined,KY02C-1121-11,0.39,4046.742,9780.3564,3202.21,0.26,0.14,0.45,0.11,0.11,15.15,12.27,31.97
Combined,LA0110D-150,0.455,4936.232,9090.8958,2706.23,0.33,0.14,0.41,0.15,0.16,16.48,11.64,30.9
Combined,LA01110D-100-6-4,0.403,4847.164,11377.5192,2995.35,0.27,0.13,0.42,0.13,0.12,18.84,12.33,30.11
Combined,LA01110D-81-1-B,0.377,4599.63,11397.264,3468.61,0.27,0.16,0.43,0.13,0.11,19.11,12.97,32.27
Combined,LA01139D-86-6-2,0.468,6344.926,14370.5322,3946.67,0.37,0.27,0.41,0.1,0.08,17.05,12.37,33.04
Combined,LA02015E201,0.416,3293.108,8051.8656,3634.83,0.27,0.13,0.43,0.15,0.12,17.05,11.8,30.96
Combined,LA02015E42,0.494,4619.272,10414.6752,3348.53,0.38,0.12,0.37,0.11,0.09,10,12.02,31.36
Combined,LA02015E58,0.39,3618.3,9416.0352,2832.83,0.29,0.14,0.43,0.13,0.1,17.1,12.24,29.78
Combined,LA02024E12,0.546,5936.168,14492.0334,2620.15,0.26,0.17,0.4,0.11,0.11,17.75,14.06,30.12
Combined,LA02024E7,0.52,5377.694,11516.0976,3460.99,0.3,0.18,0.39,0.14,0.1,16.3,10.69,28.15
Combined,LA03012E-27,0.442,4426.632,9240.441,2733.65,0.32,0.12,0.41,0.13,0.09,17.67,10.86,30.61
Combined,LA03118E117,0.455,4375.098,11302.6326,3258.62,0.31,0.13,0.41,0.12,0.1,17.49,11.67,29.69
Combined,LA03136E71,0.481,6398.756,14705.2704,3765.6,0.33,0.12,0.42,0.13,0.08,18.91,11.49,31.47
Combined,LA03148E12,0.468,5960.724,14728.8342,2896.68,0.36,0.11,0.39,0.08,0.11,17.22,12,31.45
Combined,LA03155D-P13,0.494,4671.744,11255.1516,3833.6,0.38,0.1,0.39,0.08,0.1,10,13.31,31.09
Combined,LA03161D-P1,0.468,4756.276,11514.3078,2046.7,0.25,0.15,0.43,0.15,0.13,17.17,12.91,31.31
Combined,LA03200E-2,0.364,3667.104,7836.303,3634.03,0.26,0.15,0.42,0.13,0.11,16.15,11.62,30.14
Combined,LA03200E-23,0.299,4563.076,11857.2996,2601.92,0.32,0.17,0.34,0.13,0.11,18.85,12.23,32.17
Combined,LA03217D-P2,0.429,5317.69,13278.0246,3326.29,0.31,0.13,0.42,0.12,0.09,17.8,11.83,32.12
Combined,LA03217E2,0.351,3359.51,7608.0522,1973.77,0.24,0.13,0.46,0.14,0.1,17.49,12.24,33.66
Combined,LA03224E-39,0.377,3478.79,6999.8166,2903.83,0.3,0.13,0.4,0.12,0.1,16.55,10.98,28.97
Combined,LA04013D-142,0.299,3038.28,6581.1516,2455.43,0.25,0.14,0.45,0.14,0.12,17.17,11.67,30.04
Combined,LA04041D-10,0.507,5620.314,12737.7786,2252.94,0.27,0.12,0.45,0.13,0.1,16.03,11.27,27.04
Combined,LA06146E-P4,0.429,4049.766,8588.247,2422.12,0.31,0.15,0.38,0.11,0.1,17.69,11.91,28.22
Combined,LA06146E-P7,0.416,5275.34,11682.0018,2272.73,0.32,0.15,0.39,0.13,0.1,17.89,12.62,30.45
Combined,LA07040D-P01,0.507,4946.27,14610.6276,3557.01,0.28,0.13,0.43,0.11,0.1,19.49,14.43,34.75
Combined,LA07128C-91,0.5,6022.52,14011.0218,2607.2,0.32,0.11,0.42,0.15,0.12,18.39,12.02,29.15
Combined,LA08041D-42,0.429,4850.328,11555.9862,2768.62,0.35,0.13,0.38,0.11,0.09,16.67,12.04,36.14
Combined,LA08062C-P5,0.442,4550.84,10678.1406,3432.99,0.3,0.13,0.41,0.13,0.09,17.72,11.39,31.2
Combined,LA08090C-9-2,0.507,5403.216,12174.9036,3187.65,0.32,0.13,0.4,0.12,0.09,19.39,12.59,31.37
Combined,LA08095C-23,0.481,5233.354,11855.6124,2247.8,0.33,0.12,0.39,0.17,0.18,17.99,11.22,32.35
Combined,LA08095D-4,0.494,6454.784,14591.4072,3361.55,0.31,0.13,0.41,0.13,0.09,18.98,10.9,30.49
Combined,LA08265C-50,0.39,3398.542,8032.6224,2106.92,0.29,0.12,0.42,0.15,0.12,16.38,12.44,33.05
Combined,LA09011UB-2,0.403,4467.68,10877.2074,3717.4,0.27,0.15,0.44,0.12,0.1,17.53,12.65,31.2
Combined,LA09013UB-3,0.455,5581.758,13123.4292,3314,0.3,0.15,0.39,0.11,0.09,18.15,12.87,32
Combined,LA09050C-P4,0.429,4609.444,10939.7934,3562.51,0.34,0.11,0.42,0.15,0.09,16.26,11.94,30.79
Combined,LA09122UB-43,0.468,4902.212,9510.8832,3775.07,0.27,0.15,0.42,0.11,0.1,16.52,15.79,32.1
Combined,LA09224C-28,0.481,5661.124,15497.2968,3631.75,0.32,0.15,0.38,0.13,0.1,17.69,12.36,31.35
Combined,LA09264C-P2,0.507,4675.174,9093.7002,4184.82,0.38,0.11,0.37,0.1,0.1,9.5,11.92,32.78
Combined,LA754,0.351,4291.868,7285.3524,3217.83,0.32,0.12,0.42,0.1,0.08,16.25,11.58,31.05
Combined,LA821,0.455,4950.204,11111.1924,3653.47,0.3,0.15,0.4,0.12,0.08,17.9,11.1,32.5
Combined,LA841,0.481,5459.72,12847.458,3934.1,0.34,0.12,0.38,0.11,0.09,18.94,13.23,31.36
Combined,LA97113UC-124,0.416,6159.902,12421.2006,3626.84,0.26,0.13,0.44,0.11,0.08,16.92,11.28,32.38
Combined,Madison_CS,0.39,3682.574,9997.4352,3354.35,0.25,0.14,0.46,0.13,0.11,17.1,12.85,31.4
Combined,MAGNOLIA,0.364,3091.55,6774.7008,3598.37,0.32,0.17,0.38,0.13,0.1,17.28,12.01,30.98
Combined,Massey_CG,0.299,1783.936,4883.2926,2563.34,0.28,0.15,0.42,0.16,0.13,15.41,10.77,34.48
Combined,McNair_701,0.338,2784.012,6377.559,2413.56,0.29,0.14,0.4,0.12,0.1,16.7,11.77,32.43
Combined,MD00W16-07-3,0.416,4109.252,10356.8658,3395.58,0.31,0.15,0.39,0.11,0.09,17.83,12.68,32.58
Combined,MD99W64-05-11,0.416,5188.022,11228.487,2654.15,0.35,0.11,0.4,0.13,0.11,16.92,11.53,28.9
Combined,NC06BGTAG12,0.325,3255.994,8444.6298,3168,0.29,0.15,0.41,0.12,0.09,17.48,11.32,32.28
Combined,NC07-24445,0.273,2582.916,5893.0704,2393.89,0.33,0.07,0.23,0.11,0.08,15.07,11.14,31.03
Combined,NC08-23089,0.494,5154.352,12712.9152,3310.51,0.34,0.14,0.38,0.13,0.1,18.8,13.11,27.55
Combined,NC08-23090,0.338,3061.422,7144.1178,2931.91,0.33,0.16,0.39,0.12,0.12,18.96,12.67,29.41
Combined,NC08-23323,0.338,4442.998,10219.1196,3183.98,0.32,0.13,0.39,0.13,0.08,16.77,11.63,29.87
Combined,NC08-23324,0.416,5044.424,11912.6124,4178.7,0.31,0.12,0.41,0.1,0.09,15.8,12.04,31.36
Combined,NC08-23383,0.403,4004.476,10286.0718,2537.42,0.28,0.15,0.38,0.12,0.11,15.9,12.04,29.27
Combined,NC10080-122,0.416,3317.16,7516.8864,3192.99,0.33,0.12,0.4,0.09,0.08,17.84,13.25,31.51
Combined,NC10080-134CL,0.624,6052.284,14858.2128,2862.17,0.3,0.16,0.4,0.13,0.09,9.1,8.7,28.86
Combined,NC10080-139CL,0.351,3252.998,9217.2078,2454.61,0.38,0.12,0.36,0.07,0.11,10,11.59,29.88
Combined,NC11-21899,0.364,4426.744,10765.2594,3736.66,0.24,0.16,0.46,0.12,0.09,16.44,12.84,34.47
Combined,NC11-22289,0.5,3814.846,7768.9632,1500,0.29,0.13,0.42,0.06,0.05,9.5,8.55,30.4
Combined,NC11-23321,0.429,4911.2,11477.6226,3531.54,0.28,0.13,0.45,0.15,0.15,17.24,11.73,34
Combined,NC11-5-16-21,0.325,3788.778,9610.998,3584.85,0.25,0.16,0.43,0.12,0.1,16.19,13.44,28.92
Combined,NC12-20850,0.299,1813.602,2473.23,2643.93,0.21,0.16,0.43,0.1,0.11,20.39,17.42,28.45
Combined,NC12-21224,0.312,3143.546,8079.0432,2858.73,0.24,0.15,0.43,0.11,0.1,15.63,12.23,33.95
Combined,NC12-22844,0.364,3707.41,9630.8112,2425.89,0.28,0.15,0.38,0.11,0.09,15.8,11.53,29.42
Combined,NC12-23576,0.195,1895.558,5003.0952,3274.71,0.19,0.16,0.48,0.12,0.12,15.32,12.6,33.41
Combined,NC13-20076,0.39,4068.82,11280.7446,3516.94,0.32,0.13,0.41,0.12,0.09,18.42,12.19,30.91
Combined,NC13-20218,0.299,3638.432,10803.6774,3852.81,0.26,0.16,0.44,0.1,0.1,17.47,13.74,30.46
Combined,NC13-20631,0.299,2877.672,8049.312,2539.84,0.26,0.13,0.45,0.12,0.1,19.12,15.07,29.89
Combined,NC13-20722,0.26,2757.258,7897.9656,2806.07,0.35,0.18,0.34,0.13,0.09,12.42,9.64,24.71
Combined,NC13-20773,0.455,4794.412,12744.4248,3094.78,0.29,0.15,0.42,0.13,0.09,19.31,11.33,36.16
Combined,NC13-21321,0.429,4667.74,13863.939,4253.35,0.32,0.12,0.42,0.14,0.1,18.34,12.59,30.25
Combined,NC13-21338,0.377,4895.88,13353.1848,3967.22,0.23,0.12,0.47,0.14,0.11,17.26,12.48,35.32
Combined,NC13-22726,0.247,1787.87,3519.807,3572.51,0.27,0.16,0.4,0.1,0.11,16.21,15.01,30.74
Combined,NC97BGTAB9,0.286,1992.592,5340.8202,3663.86,0.39,0.12,0.37,0.1,0.1,10.94,10,31.71
Combined,Oglethorpe,0.364,3908.772,9237.819,2899.39,0.27,0.16,0.43,0.11,0.1,15.74,12.24,28.02
Combined,Pioneer_2580_CG,0.156,990.514,2523.105,3116.79,0.3,0.16,0.37,0.2,0.19,15.24,16,29.64
Combined,Pioneer_2684_CG,0.455,4686.192,10550.7684,2821.53,0.3,0.11,0.4,0.14,0.12,17.7,NA,30.03
Combined,Pioneer_26R24_CG,0.169,995.918,2610.6684,3187.54,0.16,0.16,0.44,0.2,0.15,17,14,33.99
Combined,Pioneer_26R31_CG,0.364,3287.242,8425.284,2848.25,0.35,0.16,0.34,0.13,0.08,15.78,9.3,29.88
Combined,Pioneer_26R46_CG,0.364,3204.768,7068.1482,3166.61,0.32,0.13,0.4,0.13,0.11,16.62,11.11,28.36
Combined,Pioneer_26R61_JJ,0.494,6164.494,11596.5816,3196.77,0.27,0.13,0.45,0.17,0.21,17.76,12.01,33.98
Combined,Rosen,0.51,3907.946,9107.4486,3207.5,0.27,0.13,0.44,0.13,0.13,14.72,12.69,30.93
Combined,SCAR99175B1,0.481,5617.682,11327.2566,3445.36,0.27,0.11,0.46,0.11,0.11,17.99,13.71,31.46
Combined,SCLA1102G1,0.442,4827.06,10887.6498,3826.28,0.28,0.16,0.38,0.09,0.08,15.4,11.23,33.01
Combined,SCLA1110R1,0.26,4762.576,10616.6946,3407.74,0.32,0.12,0.41,0.13,0.1,12,11.44,26.78
Combined,SCLA99049D-E1-J1,0.481,4894.48,16747.1472,3578.78,0.33,0.15,0.38,0.08,0.09,14.93,11.04,30.02
Combined,SCTX98-20-J10,0.494,6346.984,13678.1646,3415.59,0.25,0.12,0.48,0.13,0.12,17.97,16.36,38.1
Combined,SCW010025G1,0.455,4875.878,11191.5624,3644.63,0.27,0.14,0.44,0.12,0.1,18.66,13.13,30.83
Combined,SCW010025K1,0.468,6391.938,14153.2026,3468.92,0.26,0.14,0.46,0.12,0.09,21.54,14.33,31.97
Combined,SCW990013A1,0.338,3455.074,7705.3284,3032.47,0.28,0.12,0.44,0.14,0.12,18.17,14.49,32.37
Combined,Severn,0.364,2769.606,5807.5248,2463.03,0.24,0.13,0.45,0.1,0.09,18.19,13.08,32.5
Combined,SH555,0.416,5356.666,12914.5698,3613.86,0.28,0.14,0.42,0.11,0.09,17.54,12.95,31.9
Combined,SS8641,0.273,2942.94,7106.2812,3475.55,0.25,0.14,0.45,0.12,0.1,16.57,12.66,34.28
Combined,SS8641_JJ,0.182,1871.464,4467.2724,3304.9,0.22,0.17,0.45,0.17,0.12,18.06,16.68,33.48
Combined,Tribute_CG,0.351,3255.966,8228.2464,2365.55,0.29,0.13,0.43,0.13,0.1,17.48,12.04,29.14
Combined,TX12D4625,0.403,4542.86,10468.1412,2835.12,0.23,0.15,0.45,0.12,0.11,19.13,12.66,31.85
Combined,TX12D4700,0.364,4760.406,9574.4154,3477.02,0.26,0.17,0.43,0.13,0.1,19.83,13.36,30.74
Combined,TX12D4768,0.416,5330.346,11325.33,4348.78,0.34,0.12,0.4,0.09,0.08,18.29,14.56,36.75
Combined,TX12D4845,0.494,6247.78,14418.1386,3747.09,0.21,0.17,0.45,0.12,0.1,17.09,11.95,34.95
Combined,TX13D5129,0.299,4194.918,9630.4464,4830.4,0.21,0.16,0.47,0.17,0.21,18.02,14.36,35.62
Combined,TX13D5137,0.338,3766.574,8169.981,4034.73,0.31,0.14,0.4,0.15,0.1,17.88,11.66,31.15
Combined,TX13D5237,0.143,972.86,2637.0252,2329.39,0.23,0.15,0.43,0.2,0.22,17,17,27.74
Combined,TX13D5252,0.429,2571.52,6008.1534,3064.21,0.34,0.12,0.4,0.14,0.11,18.99,11.98,30.44
Combined,TX14D8086,0.403,4236.54,9516.9024,2985.05,0.38,0.11,0.38,0.1,0.1,9.55,13.18,33
Combined,TX14D8234,0.299,3428.782,10522.2912,4295.7,0.27,0.16,0.41,0.15,0.22,16.06,12.32,31.82
Combined,TX14D8301,0.5,6454.224,14905.9104,3081.15,0.37,0.12,0.38,0.09,0.09,16.68,12.81,31.36
Combined,TX14D8504,0.403,4326.462,9627.3,2815.27,0.37,0.12,0.36,0.1,0.08,11,11.31,31.95
Combined,USG_3120,0.442,4382.112,9531.996,3301.44,0.33,0.13,0.39,0.1,0.09,17.8,12.5,31.34
Combined,USG_3209_PM,0.26,4676.35,9575.7264,3815.05,0.31,0.12,0.44,0.14,0.1,13.4,10.14,29.41
Combined,USG_3555_JJ,0.325,3153.542,6545.6064,2865.28,0.28,0.14,0.43,0.14,0.12,17.16,10.24,31.28
Combined,USG3120,0.494,4880.204,11647.4598,3480.54,0.34,0.1,0.43,0.13,0.12,16.71,11.33,28.61
Combined,VA_90,0.299,3352.44,8790.2436,3430.51,0.23,0.16,0.42,0.11,0.12,12.87,12.07,27.89
Combined,VA00W-38,0.429,4665.92,10884.264,3527.7,0.24,0.16,0.43,0.11,0.09,17.26,12.01,31.65
Combined,VA01W713,0.455,5379.458,12285.5178,2423.81,0.3,0.12,0.43,0.17,0.17,17.74,11.27,29.34
Combined,VA05W-151,0.403,4424,12258.591,3234.93,0.27,0.13,0.44,0.13,0.12,17.9,12.99,31.3
Combined,VA07MAS4-7417-1-3-3,0.338,3726.268,8966.7384,3539.83,0.27,0.15,0.43,0.11,0.11,16.4,13.9,31.76
Combined,VA12W-72,0.416,4882.794,11246.1114,3398.44,0.26,0.14,0.44,0.12,0.12,18.64,14.27,30.46
Combined,VA12W-97,0.468,5094.446,14454.0942,3199.8,0.29,0.14,0.41,0.11,0.1,15.35,11.33,29.69
Combined,VA13W-124,0.364,3693.634,8897.2212,3247.55,0.33,0.12,0.41,0.16,0.12,19.45,12.59,29.64
Combined,VA13W-177,0.403,2688.504,6438.0702,2895.17,0.24,0.09,0.35,0.09,0.08,14.36,8.79,35.78
Combined,Wakeland_CG,0.208,3696.266,10955.5596,3185.13,0.26,0.11,0.49,0.09,0.08,16.72,11.93,37.47
Q17,AGS_2000_JJ,0.51471,5271.6552,8615.59,1954.83,0.25,0.15,0.43,0.12,0.12,16.28,12.26,32
Q17,AGS_2020,0.46053,4533.2007,6773.02,3013.52,0.28,0.14,0.42,0.11,0.09,18.63,12.52,35
Q17,AGS_2026,0.446985,3753.2334,9155.4,1436.86,0.29,0.11,0.44,0.11,0.11,15.38,11.5,36
Q17,AGS_2060,0.474075,4454.4381,7938.28,2178.51,0.28,0.1,0.49,0.16,0.11,18.55,11.83,34
Q17,AGS_2485,0.474075,3502.0986,6469.66,1868.06,0.32,0.13,0.42,0.13,0.09,17.14,11.37,31
Q17,AGS_CL7,0.5547,5516.4837,8151.55,2032.29,0.3,0.11,0.33,0.13,0.1,11.1,12.9,29
Q17,AGS2000,0.43344,4605.5394,7306.31,2077.78,0.27,0.13,0.43,0.12,0.09,18.1,12.25,NA
Q17,AGS2038,0.46053,7324.3338,11387.86,2343.19,0.29,0.14,0.42,0.11,0.09,20.05,12.98,36
Q17,AGS2060,0.35217,3589.005,6638.2,1434.6,0.29,0.09,0.49,0.14,0.13,18.34,13.14,37
Q17,AR00343-5-1,0.46053,5489.4945,8900.57,2971.94,0.34,0.09,0.35,0.11,0.07,20.31,13.28,36
Q17,AR01040-4-1,0.446985,3389.2026,6777.83,2125.91,0.4,0.12,0.36,0.11,0.09,13.36,9.38,34
Q17,AR01156-2-1,0.48762,4912.6812,10377.02,2295.11,0.29,0.15,0.39,NA,NA,NA,NA,35
Q17,AR01163-3-1,0.5289,7217.4648,NA,665.23,0.37,0.07,0.43,0.13,0.1,17.24,10.49,35
Q17,AR04016-4,0.40635,2247.63,2654.91,3650.46,0.23,0.11,0.43,0.14,0.13,19.31,11.28,34
Q17,AR04119-3,0.46053,5106.3243,9557.39,3745.28,0.24,0.15,0.45,0.11,0.09,18.84,11.99,35
Q17,AR06017-6-2,0.5418,NA,13197.12,1494.97,0.28,0.11,0.43,0.14,0.1,19.83,11.87,32
Q17,AR06024-7-2,0.338625,2907.2337,5500.28,2150.19,0.22,0.15,0.47,0.12,0.08,16.77,11.39,33
Q17,AR06050-7-2,0.446985,5543.3112,11939.85,2038.32,0.26,0.11,0.48,0.12,0.11,18.85,13.01,34
Q17,AR07047-13-2,0.37926,3240.4974,6134.89,1558.38,0.22,0.11,0.5,0.13,0.12,18.63,14.99,36
Q17,AR07076-20-1,0.43344,3848.7393,7233.24,1710.83,0.3,0.1,0.45,0.12,0.14,NA,NA,34
Q17,AR07090-1-4,0.501165,5670.4368,9977.39,2037.69,0.24,0.11,0.5,0.12,0.13,22.21,17.24,36
Q17,AR07114-3-4,0.474075,4146.8259,6349.4,1580.13,0.29,0.1,0.45,NA,NA,18.13,11.71,35
Q17,AR07117-12-1,0.446985,6034.8939,10201.07,1809.64,0.25,0.09,0.5,0.12,0.1,17.1,11.71,38
Q17,AR07119-1-4,0.5418,4082.8956,NA,1367.11,0.32,0.13,0.4,0.09,0.08,18.24,11.98,28
Q17,AR07124-1-4,0.5418,5500.6665,10723.25,2999.05,0.25,0.16,0.42,NA,NA,13.92,13.01,39
Q17,AR910,0.51471,6122.3883,10595.22,1734.72,0.29,0.08,0.49,0.14,0.11,19.61,13.04,36
Q17,AR99015-3-3,0.37926,3486.1785,5832.73,2285.97,0.31,0.11,0.4,0.09,0.09,19.77,13.66,34
Q17,ARGA061147-23-6-2,0.35217,4314.1266,7567.19,NA,NA,NA,0.5,0.2,0.2,24,20,38
Q17,ARLA05104F-18-1,0.474075,4097.3163,7465.16,2619.49,0.37,0.11,0.4,0.12,0.08,19.58,12.03,36
Q17,ARLA07058C-4-4,0.43344,4812.2655,8638.28,3060.92,0.27,0.17,0.4,0.13,0.11,15.77,10.62,33
Q17,ARLA07080C-3-4,0.43344,3202.7184,6250.37,178.54,0.42,0.08,0.36,0.1,0.08,11.62,9.42,29
Q17,ARLA07084C-10-1,0.51471,6414.7272,NA,1869.37,0.31,0.14,0.4,0.12,0.1,16.78,12.27,31
Q17,ARS05-0241,0.51471,3776.8416,5444.09,NA,0.38,NA,NA,0.1,0.15,17.83,10.6,30
Q17,ARS05-0401,0.419895,4005.8382,5729.91,1885.83,0.29,0.12,0.43,0.15,0.1,20.57,8.72,31
Q17,ARS07-0404,0.419895,4528.0704,9409.72,1624.82,0.42,0.11,0.34,0.08,0.09,12.56,12.94,32
Q17,ARS07-0912,0.446985,3277.8354,6582.95,1938.67,0.37,0.09,0.42,0.08,0.07,16.78,13.27,33
Q17,ARS09-776,0.392805,4243.3167,6513.8,1495.9,0.33,0.12,0.42,0.11,0.1,17.94,13.32,35
Q17,Baldwin,0.446985,5892.1863,8989.27,2637.45,0.38,0.11,0.38,0.11,0.08,19.09,13.31,37
Q17,Coker_65-20,0.392805,2631.8292,3711.32,551.65,0.27,0.12,0.44,0.15,0.12,25.74,16.25,38
Q17,Coker_762,0.46053,NA,NA,2653.42,0.31,0.17,0.37,0.11,0.08,17.47,12.02,30
Q17,Coker_797_JJ,0.51471,5569.2567,7591.2,1981.18,0.21,0.13,0.44,0.16,0.12,20.56,12.12,36
Q17,Coker_9553,0.35217,3777.1209,6660.55,372.96,0.22,0.13,0.49,0.12,0.1,19.17,13.51,34
Q17,Coker_9663_Syn,0.5289,3449.4285,5537.53,2625.66,0.39,0.11,0.28,0.09,0.08,15.8,12.35,36
Q17,Coker_9766,0.46053,4954.4292,7668.44,2186.27,0.3,0.08,0.46,0.14,0.12,17.47,13.87,35
Q17,Coker_9803_CG,0.501165,6516.2307,NA,1646.82,0.28,0.15,0.39,0.12,0.08,17.24,10.41,33
Q17,Coker_9835_PM,0.528255,5099.9004,9834.56,2311.7,0.39,0.13,0.34,0.14,0.08,17.84,9.55,39
Q17,Delta_King_GR9108,0.46053,4219.4733,6773.99,2597.95,0.39,0.11,0.4,0.1,0.08,14.25,12.38,36
Q17,FG95195,0.48762,3968.3973,5268.09,2169.2,0.3,0.11,0.42,NA,NA,NA,NA,32
Q17,FL_302_JJ,0.51471,4369.5456,7193.01,2348.51,0.33,0.13,0.38,NA,NA,12,NA,32
Q17,FL01108C-K2,0.501165,4607.9502,6747.22,1673.49,0.2,0.19,0.43,0.15,0.08,16.8,9.85,32
Q17,FL02006C-K1,0.392805,4200.1722,5302.25,2018.25,0.38,0.08,0.41,0.1,0.1,20.23,15.66,37
Q17,FL02036C-K6,0.48762,4476.297,6904.73,2391.35,0.27,0.15,0.43,0.1,0.08,20.61,13.8,35
Q17,FL14P359-LA09161C-7,0.46053,3805.7859,11118.85,1592.68,0.27,0.19,0.4,0.11,0.11,17.96,14.16,36
Q17,FL14P364-LA09198C-32,0.474075,5993.5281,11090.73,1901.04,0.38,0.11,0.38,0.12,0.08,17.14,11.54,32
Q17,FL14P368-LA09128UC-41,0.311535,3172.4364,5757.26,2185.75,0.26,0.1,0.48,0.1,0.06,23.8,11.57,36
Q17,FL14P375-LW08089D-P2,0.46053,6703.7145,10689.84,1903.06,0.33,0.12,0.42,NA,0.12,NA,NA,31
Q17,GA-00034-7A17,0.419895,4131.6996,7858.72,2533.21,0.28,0.15,0.41,0.1,0.08,17.24,11.83,34
Q17,GA00067-8E35,0.5547,5961.7614,12466.09,2460.74,0.37,0.11,0.38,0.12,0.1,14.91,10.76,29
Q17,GA001138-8E36,0.43344,4874.52,9191.34,2624.68,0.35,0.12,0.39,0.1,0.08,18.01,12.66,34
Q17,GA001138-8E37,0.40635,4945.9179,8463.24,2303.15,0.26,0.14,0.43,0.11,0.1,17.81,12.9,28
Q17,GA001142-9E23,0.40635,3528.9702,6576.39,1304.86,0.32,0.13,0.41,0.12,0.08,18.31,11.03,34
Q17,GA001142-9E24,0.5418,6829.5906,8757.2,2293.67,0.3,0.13,0.42,0.12,0.09,16.01,10.75,33
Q17,GA001169-7E15,0.5289,5335.8354,NA,464.4,0.35,0.07,0.37,0.14,0.1,18.67,9.84,30
Q17,GA01063-1-3-6-2-G2,0.48762,3884.2692,6943.57,1250.33,0.42,0.07,0.38,0.1,0.07,12.9,9.48,31
Q17,GA011493-8E18,0.446985,5264.5404,11292.5,2537.83,0.28,0.15,0.4,0.09,0.07,17.35,11.02,35
Q17,GA021245-9E16,0.501165,5235.7725,8446.52,2105.79,0.21,0.21,0.42,0.1,0.08,17.38,11.06,35
Q17,GA021338-9E4,0.46053,4221.8106,7055.3,3514.73,0.21,0.15,0.45,0.19,NA,NA,NA,37
Q17,GA021338-9EE11,0.46053,6467.4561,11001.31,2014.37,0.24,0.16,0.42,0.09,0.11,15.79,13.05,36
Q17,GA02328-8A21,0.501165,5610.1521,8766.86,2152.59,0.23,0.14,0.44,0.12,0.1,16.45,12.12,35
Q17,GA03060-9E29,0.365715,3806.9913,6625.75,1855.12,0.24,0.17,0.4,0.1,0.11,16.75,12.28,34
Q17,GA03564-9EE42,0.365715,3982.3329,6180.16,2308.48,0.25,0.12,0.48,0.12,0.12,18.63,13.63,36
Q17,GA04434-12LE28,0.40635,5408.8062,8440.75,1877.62,0.21,0.17,0.41,0.1,0.08,17.1,12.07,38
Q17,GA051207-14E53(13ESc11),0.392805,3667.0473,6454.97,NA,NA,NA,NA,NA,NA,NA,NA,36
Q17,GA051336-B-B-1,0.46053,6270.0498,NA,NA,NA,NA,NA,NA,NA,18.2,14.13,36
Q17,GA05450-15LE41,0.392805,3746.0451,8208.55,1174.8,0.31,0.14,0.41,0.13,0.12,15.19,14.84,35
Q17,GA061082-13E24,0.48762,5912.193,9661.98,1201.49,0.3,0.08,0.48,0.09,0.08,17.07,11.73,30
Q17,GA061157-15LE39,0.419895,3330.3879,NA,2651.91,0.3,0.15,0.41,0.11,0.09,16.74,10.83,32
Q17,GA061471-15LE38,0.5418,6091.8123,9779.01,2392.81,0.26,0.17,0.39,0.11,0.09,16.21,11.34,32
Q17,GA06283-15LE25,0.365715,3812.3568,6923.27,1803.2,0.31,0.12,0.45,0.15,0.12,20.16,13.38,31
Q17,GA06493-13LE6,0.32508,4753.3773,9107.87,1402.6,0.29,0.12,0.43,0.1,0.1,16.04,12.32,35
Q17,GA07026-14LE4,0.419895,5373.5115,10413.73,3310.39,0.21,0.18,0.45,0.1,0.11,17.13,14.83,35
Q17,GA071227-15LE7,0.40635,4487.8659,8349.33,2257.11,0.33,0.13,0.41,0.13,0.09,20.29,12.02,37
Q17,GA071598-15LE12,0.5289,6040.9797,9473.89,2716.55,0.27,0.18,0.38,0.1,0.07,18.31,12.57,32
Q17,GA071630-12LE9,0.474075,6086.5056,9782.46,2275.92,0.21,0.18,0.42,0.12,0.09,20.43,10.56,34
Q17,GA07169-15E3,0.55,NA,6585.5,NA,0.28,NA,NA,NA,NA,NA,NA,29
Q17,GA07270-12E15,0.46053,4158.2331,6131.03,2044.26,0.24,0.15,0.43,0.09,0.1,17.24,12.72,35
Q17,GA07323-15E2,0.5547,6484.1553,9736.74,2471.65,0.31,0.06,0.29,0.07,0.08,11.57,11.3,32
Q17,GA08028-15LE11,0.46053,4769.4003,8068.72,2092.06,0.26,0.11,0.47,0.12,0.09,17.9,14.27,37
Q17,GA081018-15LE13,0.51471,5469.9582,7117.69,2125.14,0.29,0.14,0.42,0.13,0.09,19.58,12.54,36
Q17,GA081018-15LE14,0.474075,5124.5229,6922.94,2942.55,0.18,0.18,0.47,0.15,0.1,20.64,12.79,36
Q17,GA081174-15E34,0.446985,4997.2503,8898.28,598.59,0.3,0.11,0.44,0.15,0.13,16.25,11.87,35
Q17,GA081183-15LE31,0.46053,5078.0562,9476.26,2390.89,0.34,0.09,0.34,0.1,0.09,17.16,12.44,34
Q17,GA081222-15E39,0.5289,4176.2112,7251.77,509.19,0.31,0.08,0.47,0.12,0.1,14.29,9.59,29
Q17,GA081293-15LE2,0.501165,6629.4648,10477.73,2481.39,0.26,0.13,0.43,0.13,0.09,19.73,12.14,31
Q17,GA081515-G1-G2,0.474075,3899.6307,NA,2177.54,0.36,0.09,0.41,0.13,0.09,18,10.26,27
Q17,GA08250-15LE46,0.528255,4015.7313,9056.09,1823.43,0.27,0.13,0.44,0.12,0.11,15.54,11.72,30
Q17,GA08510-15E9,0.5418,7544.8044,13227.82,1563.49,0.19,0.13,0.48,0.11,0.08,13.83,11.69,35
Q17,GA09283-G1-G1,0.40635,4191.6315,NA,2017.11,0.39,0.11,0.37,0.12,0.08,16.38,10.48,31
Q17,GA10041-15E59,0.501165,4299.0591,6391.26,1978.8,0.31,0.13,0.4,0.12,0.09,16.63,10.89,31
Q17,GA222-22-5,0.446985,3498.5412,7414.69,2631.24,0.34,0.09,0.43,0.11,0.11,17.83,14.86,39
Q17,GA991227-6A33,0.528255,7847.007,12982.3,2155.54,0.3,0.13,0.4,0.1,0.08,15.81,9.87,31
Q17,GA991371-6E12,0.528255,3364.9623,4891.08,1936.18,0.37,0.1,0.36,0.16,0.09,19.18,12.42,30
Q17,Gore_JJ,0.392805,3037.2111,5395.04,2205.04,0.28,0.09,0.49,0.14,0.11,18.44,12.55,34
Q17,Hilliard,0.37926,5142.795,10325.48,NA,0.26,NA,NA,0.1,0.09,17.18,11.98,36
Q17,Hunter,0.501165,3441.564,6343.98,1957.88,0.39,0.07,0.41,0.08,0.06,14.35,9.75,28
Q17,IL00-8641,0.516,5961.9378,NA,2511.5,0.36,0.12,0.41,0.14,0.1,19.26,12.56,36
Q17,IL05-4236,0.528255,4585.1652,7052.9,2201.83,0.21,0.15,0.46,0.13,0.11,15.6,11.85,30
Q17,IL96-6472,0.32508,2623.5237,4776.65,NA,0.18,NA,NA,0.15,0.11,16.39,11.1,32
Q17,INW0304,0.446985,3879.9033,8531.51,361.88,0.33,0.08,0.42,0.15,0.14,14.67,20.51,36
Q17,Jamestown,0.37926,3313.5123,7104.48,1419.35,0.36,0.13,0.39,0.12,0.12,15.88,14.08,33
Q17,Jamestown_PM,0.46053,3264.0027,6272.71,1860.86,0.34,0.1,0.37,NA,NA,NA,NA,29
Q17,Jaypee_CS,0.37926,3618.5667,6695.01,2087.04,0.37,0.09,0.41,0.11,0.1,19.15,13.03,36
Q17,Keiser,0.46053,5323.4874,9694.39,2146.03,0.2,0.14,0.48,0.11,0.11,16.72,12.81,37
Q17,KY02C-1121-11,0.32508,3605.0868,6757.77,3447.24,0.3,0.09,0.47,0.12,0.12,16.89,14.2,38
Q17,LA0110D-150,0.51471,4736.487,6580.55,1358.89,0.42,0.09,0.37,0.11,0.1,12.19,9.05,32
Q17,LA01110D-100-6-4,0.51471,3719.5851,NA,1854.24,0.27,0.14,0.4,0.1,0.1,18.11,10.31,31
Q17,LA01110D-81-1-B,0.365715,5971.4046,11607.29,1488.05,0.33,0.13,0.4,NA,NA,17.94,11.26,37
Q17,LA01139D-86-6-2,0.501165,5220.7932,9615.74,1982.01,0.3,0.1,0.43,0.1,0.1,20.63,14.44,38
Q17,LA02015E201,0.46053,3765.7137,6278.92,2112.24,0.22,0.12,0.47,0.19,0.18,17.61,13.46,35
Q17,LA02015E42,0.338625,2488.7835,3825.43,2519.46,0.37,0.11,0.41,0.16,0.12,19.53,12.55,36
Q17,LA02015E58,0.48762,4627.2513,9797.66,2020.84,0.33,0.11,0.43,0.14,0.14,17.21,14.15,32
Q17,LA02024E12,0.5418,5897.8899,11349,2155.2,0.25,0.15,0.42,0.11,0.11,18.85,14.96,32
Q17,LA02024E7,0.5547,3934.4844,7483.85,3694.01,0.34,0.09,0.35,NA,NA,12,12,28
Q17,LA03012E-27,0.446985,4281.3603,6098.15,2078.4,0.25,0.13,0.44,0.12,0.09,19.52,11.31,36
Q17,LA03118E117,0.474075,4177.8723,8274.4,1924.7,0.27,0.12,0.43,0.11,0.11,15.72,10.1,34
Q17,LA03136E71,0.5418,7823.3841,NA,2102.68,0.3,0.12,0.47,0.13,0.09,15.96,10.69,34
Q17,LA03148E12,0.5289,7795.557,NA,1076.41,0.4,0.1,0.35,0.13,0.1,16.29,10.93,30
Q17,LA03155D-P13,0.5547,7533.9852,13479.83,2023.11,0.4,0.07,0.3,0.11,0.1,12,12,35
Q17,LA03161D-P1,0.311535,3252.3897,5316.68,2325.55,0.25,0.14,0.43,NA,NA,18.6,12.56,34
Q17,LA03200E-2,0.46053,5097.1368,7244.83,NA,NA,NA,NA,NA,NA,NA,NA,34
Q17,LA03200E-23,0.29799,3078.4005,4734.09,3192.96,0.26,0.1,0.38,0.15,0.1,20.52,12.36,36
Q17,LA03217D-P2,0.43344,4083.8364,NA,2388.51,0.38,0.11,0.39,0.14,0.11,18.16,12.14,34
Q17,LA03217E2,0.40635,5117.8344,8541.17,1510.98,0.28,0.11,0.45,0.17,0.11,17.45,12.53,35
Q17,LA03224E-39,0.474075,1706.6994,3100.68,1412.45,0.24,0.1,0.41,0.13,0.09,16.66,10.04,27
Q17,LA04013D-142,0.43344,4795.9044,8204.69,1825.2,0.38,0.09,0.41,0.14,0.1,19.21,11.23,33
Q17,LA04041D-10,0.528255,5474.6181,9290.87,2256.89,0.4,0.1,0.37,0.11,0.1,14.18,10.39,28
Q17,LA06146E-P4,0.446985,4503.6684,7418.98,1704.8,0.35,0.1,0.4,0.11,0.08,16.37,9.65,30
Q17,LA06146E-P7,0.474075,4973.4657,8409.57,2438.61,0.31,0.14,0.4,0.13,0.09,19.9,12.7,32
Q17,LA07040D-P01,0.5418,5083.6569,8746.76,2442.22,0.26,0.14,0.44,0.1,0.1,18.43,14.91,35
Q17,LA07128C-91,0.46053,5278.8729,9508.1,NA,NA,NA,NA,NA,NA,21.13,11.8,34
Q17,LA08041D-42,0.474075,3779.1642,6701.98,2170.13,0.3,0.11,0.45,0.11,0.1,18.91,15.23,37
Q17,LA08062C-P5,0.51471,4188.4857,7020.48,2551.14,0.3,0.13,0.39,0.11,0.07,17.64,11.26,33
Q17,LA08090C-9-2,0.528255,5296.8216,9485.78,1611.01,0.34,0.1,0.42,NA,NA,21.92,12.93,31
Q17,LA08095C-23,0.528255,5665.8357,8910.42,2143.57,0.38,0.1,0.38,0.12,0.08,18.72,11.82,32
Q17,LA08095D-4,0.51471,5367.9108,8328.96,3032.35,0.36,0.09,0.43,0.12,0.06,21.65,10.59,34
Q17,LA08265C-50,0.43344,4285.3587,7075.62,1885.56,0.35,0.07,0.44,NA,0.16,18.4,14.22,37
Q17,LA09011UB-2,0.5418,7092.6912,13563.36,3293.99,0.3,0.14,0.41,0.11,0.09,16.82,11.65,33
Q17,LA09013UB-3,0.46053,4625.2962,7633.41,1930.38,0.42,0.1,0.36,0.11,0.08,13.01,9.39,34
Q17,LA09050C-P4,0.446985,4353.8166,7648.13,1337.22,0.38,0.11,0.36,0.11,0.09,16.07,11.81,31
Q17,LA09122UB-43,0.43344,3838.17,6159.86,1519.65,0.25,0.17,0.4,0.12,0.09,16.44,10.6,33
Q17,LA09224C-28,0.43344,4452.1743,7516.29,2255.52,0.26,0.16,0.4,0.12,0.09,NA,NA,33
Q17,LA09264C-P2,0.474075,5010.5244,6867.61,2202.58,0.23,0.14,0.44,0.16,0.12,19.57,12.33,37
Q17,LA754,0.365715,2686.7043,3657.84,1855.15,0.26,0.08,0.35,0.17,0.17,23,NA,29
Q17,LA821,0.501165,6390.5016,10770.87,NA,0.35,NA,NA,0.15,0.08,18.2,11.87,37
Q17,LA841,0.51471,5694.0891,10168.15,NA,0.21,NA,NA,0.08,0.1,18.4,13.39,33
Q17,LA97113UC-124,0.446985,NA,NA,2448.12,0.19,0.15,0.45,0.11,0.07,18.33,11.94,36
Q17,Madison_CS,0.419895,3842.1684,6704.98,1854.57,0.27,0.1,0.48,0.14,0.12,17.21,12.77,32
Q17,MAGNOLIA,0.501165,5285.8701,8655.95,3380.81,0.32,0.14,0.39,0.12,0.1,17.83,12.46,33
Q17,Massey_CG,0.365715,3183.432,5829.75,1416.34,0.32,0.09,0.44,0.12,0.11,15.73,11.05,36
Q17,McNair_701,0.48762,4576.3599,7747.52,1441.1,0.39,0.07,0.41,0.13,0.13,19.7,14.61,34
Q17,MD00W16-07-3,0.46053,4137.6972,7169.89,2141.22,0.36,0.11,0.41,0.12,0.09,16.79,11.09,36
Q17,MD99W64-05-11,0.392805,3380.1768,5281.2,1923.4,0.3,0.12,0.4,0.14,0.1,15.39,10.1,29
Q17,NC06BGTAG12,0.419895,3261.4155,5690.43,2261.58,0.31,0.14,0.39,0.1,0.08,18.44,12.26,36
Q17,NC07-24445,0.446985,5501.8278,11071.67,NA,NA,NA,NA,NA,NA,14.22,11.38,32
Q17,NC08-23089,0.51471,4438.8855,8191.26,1142.73,0.32,0.13,0.42,0.13,0.11,19.33,14.43,31
Q17,NC08-23090,0.43344,4080.0144,8154.66,1668.64,0.34,0.11,0.37,0.1,0.12,19.47,13.35,32
Q17,NC08-23323,0.338625,3444.3276,5398.98,2526.52,0.29,0.09,0.38,0.12,0.09,18.16,12.56,35
Q17,NC08-23324,0.43344,5423.8443,9994.32,3238.99,0.29,0.12,0.43,0.09,0.11,16.54,12.62,35
Q17,NC08-23383,0.40635,4401.5769,9164.6,1583.57,0.37,0.09,0.38,0.11,0.11,15.73,12.9,33
Q17,NC10080-122,0.446985,3627.7101,5516.83,2567.37,0.25,0.11,0.48,0.09,0.08,21.9,15.06,37
Q17,NC10080-134CL,0.528255,4471.8135,8131.16,2513.36,0.33,0.19,0.36,0.16,0.12,21.43,13.98,35
Q17,NC10080-139CL,0.51471,4795.9485,10162.87,1466.64,NA,0.11,0.32,0.12,0.1,16.98,12.77,34
Q17,NC11-21899,0.46053,5953.7058,12498.01,1339.48,0.25,0.15,0.45,0.12,0.1,17.9,13.48,39
Q17,NC11-22289,0.365715,3268.2216,6542.44,862.89,0.37,0.09,0.38,0.14,0.12,13.85,8.82,29
Q17,NC11-23321,0.40635,6208.1481,11570.57,2233.22,0.27,0.13,0.46,0.12,0.1,18.47,13.02,37
Q17,NC11-5-16-21,0.365715,3452.8095,5833.79,2040.98,0.22,0.17,0.45,0.08,0.08,14,12.23,31
Q17,NC12-20850,0.365715,2925.7263,6588.09,1239.93,0.24,0.13,0.44,0.11,0.11,16,NA,36
Q17,NC12-21224,0.40635,6135.633,12578.47,1908.42,0.29,0.11,0.43,0.13,0.11,16.45,13.23,37
Q17,NC12-22844,0.419895,3726.2295,7578.26,1196.77,0.25,0.15,0.41,0.1,0.1,13.59,10.71,31
Q17,NC12-23576,0.29799,3143.6685,6660.69,1546.19,0.23,0.12,0.47,0.16,0.12,25.23,12.63,37
Q17,NC13-20076,0.257355,2084.8128,3968.68,2174.46,0.22,0.13,0.41,0.16,0.19,22,22.33,34
Q17,NC13-20218,0.311535,2450.5782,6046.42,NA,0.2,NA,NA,0.18,0.15,15.69,13.61,33
Q17,NC13-20631,0.446985,5554.8948,12518.89,1473.03,0.29,0.14,0.4,0.1,0.09,22.15,17.73,34
Q17,NC13-20722,0.474075,3678.3222,7551.02,1891.02,NA,0.11,0.36,0.13,0.09,16.04,10.11,27
Q17,NC13-20773,0.32508,3119.9133,6550.34,2509.92,0.24,0.12,0.38,0.12,0.08,19.75,11.88,37
Q17,NC13-21321,0.446985,4262.6178,9466.75,1993.46,0.42,0.06,0.41,0.1,0.09,15.05,11.29,32
Q17,NC13-21338,0.419895,4574.4048,6817.24,2004.4,0.28,0.11,0.44,NA,0.21,18.59,13.91,40
Q17,NC13-22726,0.37926,3955.7847,7326.02,3391.75,0.35,0.11,0.38,0.07,0.09,17.61,16.25,36
Q17,NC97BGTAB9,0.311535,2420.4579,4860.86,3577.92,0.21,0.12,0.35,0.12,0.08,18.88,11.61,36
Q17,Oglethorpe,0.474075,5518.4241,11461.56,2310.19,0.28,0.15,0.43,0.1,0.11,15.38,14.03,33
Q17,Pioneer_2580_CG,0.29799,2692.3932,5617.11,2055.84,0.24,0.11,0.39,0.1,0.19,25.04,21.93,34
Q17,Pioneer_2684_CG,0.48762,4294.2669,7847.01,NA,NA,NA,NA,NA,NA,18.56,NA,34
Q17,Pioneer_26R24_CG,0.311535,2762.6004,6318.89,1998.28,0.18,0.11,0.48,0.12,0.12,15.32,11.49,36
Q17,Pioneer_26R31_CG,0.48762,4433.079,8478.98,1687.01,0.41,0.11,0.33,0.1,0.07,11.97,8.14,32
Q17,Pioneer_26R46_CG,0.37926,2141.9664,3018.06,NA,0.18,NA,NA,0.15,0.12,16.9,10.67,30
Q17,Pioneer_26R61_JJ,0.446985,5501.4897,7598.06,NA,0.32,NA,NA,NA,NA,17.33,11.55,36
Q17,Rosen,0.501165,3431.127,5547.23,1880.79,0.33,0.15,0.35,0.15,0.12,15.81,12.45,30
Q17,SCAR99175B1,0.48762,5772.2196,9131.51,1949.48,0.22,0.11,0.47,0.12,0.09,16.43,11.68,33
Q17,SCLA1102G1,0.46053,5006.7759,8488.59,1318.44,0.22,0.22,0.32,0.18,0.06,11.79,8.87,35
Q17,SCLA1110R1,0.474075,3251.9046,5185.36,1948.51,0.32,0.09,0.44,0.15,0.11,18.89,11.89,30
Q17,SCLA99049D-E1-J1,0.5418,6892.3449,13597.71,2362.84,0.26,0.17,0.4,0.1,0.09,15.27,11.49,32
Q17,SCTX98-20-J10,0.528255,7379.6646,12548.04,688.05,0.28,0.1,0.45,NA,NA,18.88,20.09,39
Q17,SCW010025G1,0.501165,4730.754,NA,2104.49,0.19,0.16,0.49,0.12,0.1,18.47,12.47,32
Q17,SCW010025K1,0.474075,5085.318,7987.3,1842.65,0.28,0.12,0.46,0.11,0.09,17.54,13.29,34
Q17,SCW990013A1,0.37926,3325.0959,5223.71,2380.6,0.23,0.11,0.49,0.11,0.09,NA,NA,36
Q17,Severn,0.528255,5631.717,9124.03,1510.22,0.18,0.1,0.53,0.1,0.07,19.06,14.38,36
Q17,SH555,0.46053,5068.1043,8991.98,1831,0.3,0.14,0.39,0.1,0.09,18.62,13.31,33
Q17,SS8641,0.365715,4060.4928,7738.93,1822.61,0.3,0.11,0.43,0.12,0.11,16.57,12.92,NA
Q17,SS8641_JJ,0.32508,2553.9486,4958.17,1922.09,0.28,0.14,0.42,0.08,0.11,24,24,37
Q17,Tribute_CG,0.446985,3598.4571,7049.99,1608.13,0.42,0.07,0.37,0.1,0.09,13.55,10.7,28
Q17,TX12D4625,0.446985,4461.6852,6972.58,1882.08,0.29,0.1,0.45,0.12,0.12,19.21,13.46,35
Q17,TX12D4700,0.501165,4879.5327,6429.95,2861.86,0.26,0.18,0.41,0.11,0.08,20,13.06,34
Q17,TX12D4768,0.419895,4615.1385,7660.88,2879.03,0.22,0.13,0.5,0.13,0.12,19.56,15.73,39
Q17,TX12D4845,0.528255,5812.0419,10560.84,2630.83,0.21,0.16,0.44,0.11,0.1,17.43,12.4,37
Q17,TX13D5129,0.40635,5075.6748,9202.89,NA,NA,NA,NA,NA,NA,NA,NA,37
Q17,TX13D5137,0.40635,3777.0621,5536.02,NA,0.31,0.06,0.38,0.13,0.09,19.37,10.36,36
Q17,TX13D5237,0.176085,1575.5901,4352.28,400.98,0.19,0.09,0.43,0.18,0.18,14.64,19.58,29
Q17,TX13D5252,0.501165,4033.9887,7071.08,2196.38,0.4,0.1,0.38,0.12,0.1,15.88,12.53,34
Q17,TX14D8086,0.46053,3715.9983,4898.91,1492.32,0.28,0.13,0.43,0.14,0.1,20.82,12.93,35
Q17,TX14D8234,0.32508,2583.3633,5033.05,NA,0.2,NA,NA,0.19,0.14,24,24,33
Q17,TX14D8301,0.528255,5601.8907,NA,2324.91,0.32,0.12,0.41,0.09,0.07,19.2,12.45,36
Q17,TX14D8504,0.51471,5594.0997,9550.86,3073.7,0.37,0.1,0.39,0.11,0.08,16.38,10.84,35
Q17,USG_3120,0.528255,4502.6247,7126.97,2175.58,0.31,0.13,0.38,0.11,0.08,17.35,11.56,30
Q17,USG_3209_PM,0.40635,2923.5213,5427.94,1901.5,0.3,0.11,0.46,0.16,0.1,13.74,10.59,34
Q17,USG_3555_JJ,0.43344,6650.6769,12320.76,945.5,0.31,0.09,0.45,0.14,0.14,16.53,10.3,34
Q17,USG3120,0.5547,5583.6921,10249.15,1790.45,0.35,0.09,0.32,0.1,0.09,12,10.74,27
Q17,VA_90,0.474075,7687.8207,NA,3230.95,0.32,0.11,0.42,NA,NA,NA,NA,32
Q17,VA00W-38,0.528255,6241.3113,10800.47,2399.23,0.15,0.15,0.5,0.11,0.09,16.77,11.87,33
Q17,VA01W713,0.474075,4053.9072,7340.39,1859.6,0.33,0.09,0.45,0.14,0.12,17.92,12.61,32
Q17,VA05W-151,0.48762,4519.1034,8776.08,1361.78,0.31,0.08,0.46,0.12,0.14,14.67,13.3,31
Q17,VA07MAS4-7417-1-3-3,0.474075,4243.4343,8587.24,2462.99,0.24,0.13,0.47,0.11,0.11,15.98,13.28,34
Q17,VA12W-72,0.40635,6738.627,NA,2945.2,0.23,0.18,0.44,0.11,0.11,20.25,15.28,35
Q17,VA12W-97,0.501165,7242.0285,NA,2376.52,0.37,0.11,0.4,0.1,0.09,15.78,12.28,34
Q17,VA13W-124,0.528255,6321.7938,11508.77,2206.18,0.38,0.09,0.4,NA,0.15,20.38,14.41,35
Q17,VA13W-177,0.474075,4773.2223,8814.04,1938.68,0.28,0.1,0.5,0.11,0.12,NA,NA,36
Q17,Wakeland_CG,0.311535,4212.4467,10193.81,2748.71,0.22,0.12,0.5,0.11,0.09,17.59,12.35,39
Q18,AGS_2000_JJ,0.4601,4998.4168,13195.44,6815.82,0.19,0.14,0.5,0.14,0.11,21.09,15.24,NA
Q18,AGS_2020,0.4708,4981.6,14022.39,6670.33,0.17,0.14,0.52,0.13,0.11,22.78,16.59,35.1
Q18,AGS_2026,NA,NA,NA,NA,NA,NA,NA,NA,NA,NA,NA,NA
Q18,AGS_2060,0.4601,5075.2,13936.62,4794.2,0.25,NA,NA,NA,NA,22.46,13.43,NA
Q18,AGS_2485,0.4708,7035.6,18725.84,3929.76,0.23,0.08,0.51,0.19,0.13,21.44,14.8,33.18
Q18,AGS_CL7,0.4708,4773.6,11325.38,6904.76,0.19,0.12,NA,0.18,0.14,22.3,16.04,NA
Q18,AGS2000,0.1712,5041.3272,13212.13,5257.26,0.23,0.13,0.53,0.15,0.33,22.7,16.35,37.08
Q18,AGS2038,0.3745,3400.8,8666.07,6527.51,0.23,0.11,0.51,0.16,0.15,NA,NA,NA
Q18,AGS2060,NA,NA,NA,NA,NA,NA,NA,NA,NA,NA,NA,NA
Q18,AR00343-5-1,0.4173,6026.8,14186.46,5760.26,0.25,0.15,0.48,NA,NA,22.17,15.62,36.33
Q18,AR01040-4-1,NA,NA,NA,NA,NA,NA,NA,NA,NA,NA,NA,NA
Q18,AR01156-2-1,0.4387,5366.4,12955.15,5913.07,0.23,NA,NA,NA,NA,22.82,16.84,34.92
Q18,AR01163-3-1,0.4387,5272.8,14948.49,5098.07,0.22,0.12,0.52,0.15,0.12,21.38,15.45,34.92
Q18,AR04016-4,0.3638,4565.6,10122.76,2362.58,0.17,NA,NA,NA,NA,26,NA,45
Q18,AR04119-3,NA,NA,NA,NA,NA,NA,NA,NA,NA,NA,NA,NA
Q18,AR06017-6-2,0.4601,6250.4,13195.44,6977.51,0.26,0.12,0.52,0.14,0.12,24.93,16.12,35
Q18,AR06024-7-2,0.4601,3010.8,8105,6225.82,0.19,0.15,0.53,0.13,0.12,20.87,15.73,NA
Q18,AR06050-7-2,0.3852,4617.6,11240.36,6656.88,0.26,0.16,0.49,NA,NA,NA,NA,32.82
Q18,AR07047-13-2,0.4601,5371.6,18606.1,4507.51,0.24,NA,NA,NA,NA,23.3,15.46,40
Q18,AR07076-20-1,0.4494,4331.6,12072.99,4793.07,0.25,0.16,0.54,0.14,0.12,21.33,12.83,NA
Q18,AR07090-1-4,NA,NA,NA,NA,NA,NA,NA,NA,NA,NA,NA,NA
Q18,AR07114-3-4,0.4815,6723.6,17187.65,4975.89,0.31,0.1,NA,0.15,0.12,20.68,14.31,NA
Q18,AR07117-12-1,0.4494,4607.2,11252.05,4943.64,0.23,0.12,0.54,NA,NA,22.94,16.19,NA
Q18,AR07119-1-4,0.5029,5850,14543.55,5219.76,0.2,0.14,0.5,0.15,0.12,21.28,14.72,NA
Q18,AR07124-1-4,0.4494,4420,12082.29,7047.51,0.25,0.13,0.51,0.18,0.13,21.16,15.14,NA
Q18,AR910,0.4387,5252,11591.95,4022.51,0.23,NA,NA,NA,NA,23.64,18.03,37
Q18,AR99015-3-3,0.3638,4201.6,12185.2,7107.02,0.2,0.13,0.5,0.19,0.15,25,18.22,NA
Q18,ARGA061147-23-6-2,NA,NA,NA,NA,NA,NA,NA,NA,NA,NA,NA,NA
Q18,ARLA05104F-18-1,0.4387,4019.6,10606.93,5605.89,0.26,0.13,0.54,0.14,0.12,21.09,16.9,37.01
Q18,ARLA07058C-4-4,0.54,5262.4,12013.25,5909.76,0.34,0.12,0.46,0.08,0.12,8.58,11.96,NA
Q18,ARLA07080C-3-4,0.4815,7155.2,19573.53,5558.07,0.27,0.12,0.46,0.11,0.09,21.42,14.3,38.92
Q18,ARLA07084C-10-1,0.4601,5584.8,13797.17,5709.76,0.3,0.12,0.51,0.16,0.15,NA,16.59,36.18
Q18,ARS05-0241,0.3852,5002.4,14974.49,5388.07,0.2,0.12,0.47,0.22,0.17,20.67,13.57,NA
Q18,ARS05-0401,NA,NA,NA,NA,NA,NA,NA,NA,NA,NA,NA,NA
Q18,ARS07-0404,0.4601,4331.6,14175.8,5352.51,0.25,NA,NA,NA,NA,19.22,14.21,35
Q18,ARS07-0912,0.4387,5501.6,13303.26,4538.14,0.22,0.16,0.51,0.16,0.14,19.07,13.36,32.19
Q18,ARS09-776,NA,NA,NA,NA,NA,NA,NA,NA,NA,NA,NA,NA
Q18,Baldwin,0.3959,4602,13090.96,4912.45,0.25,0.08,0.44,0.18,0.11,21.23,15.09,39.74
Q18,Coker_65-20,NA,NA,NA,NA,NA,NA,NA,NA,NA,NA,NA,NA
Q18,Coker_762,0.4066,4867.2,15399.8,8651.39,0.22,0.14,0.52,0.25,0.36,17.88,12.96,34.17
Q18,Coker_797_JJ,0.54,6567.6,16577.46,NA,0.28,0.16,0.47,0.15,0.09,7,7,27
Q18,Coker_9553,0.4173,4591.6,12217.52,4778.07,0.25,0.15,0.44,0.16,0.15,21.72,14.84,36.42
Q18,Coker_9663_Syn,0.4601,4976.4,14481.17,7850.89,0.23,NA,NA,NA,NA,24.96,15.54,NA
Q18,Coker_9766,0.4387,6021.6,15762.85,4619.76,0.28,0.13,0.52,0.15,0.12,24.82,13.73,NA
Q18,Coker_9803_CG,0.4815,5636.8,15165.2,4972.58,0.23,0.12,0.47,0.11,0.08,24.2,16.53,35.77
Q18,Coker_9835_PM,0.4387,5657.6,15537.07,4642.51,0.3,0.06,NA,NA,NA,19.63,13.97,NA
Q18,Delta_King_GR9108,0.4387,5548.4,15384.78,5082.51,0.24,0.14,0.46,0.12,0.09,20.69,16.26,39
Q18,FG95195,0.5136,5194.8,10958.9,6080.89,0.23,NA,NA,NA,NA,20.62,14.2,NA
Q18,FL_302_JJ,0.4066,3983.2,11005.3,5031.39,0.21,0.14,0.48,0.14,0.12,20.57,14.67,36.17
Q18,FL01108C-K2,NA,NA,NA,NA,NA,NA,NA,NA,NA,NA,NA,NA
Q18,FL02006C-K1,0.3638,4201.6,10378.98,7936.45,0.23,0.21,0.45,NA,NA,24.09,17.75,NA
Q18,FL02036C-K6,NA,NA,NA,NA,NA,NA,NA,NA,NA,NA,NA,NA
Q18,FL14P359-LA09161C-7,0.5029,5590,15231.79,5631.39,0.22,0.17,0.48,0.16,0.11,19.85,15.19,33.67
Q18,FL14P364-LA09198C-32,0.4494,4076.8,10874.65,6208.07,0.28,0.09,0.39,0.13,0.09,17.59,13.47,30.92
Q18,FL14P368-LA09128UC-41,0.428,4544.8,11861.12,4794.13,0.24,0.08,0.54,0.14,0.11,NA,20,37.99
Q18,FL14P375-LW08089D-P2,0.5136,5834.4,13483.4,5668.07,0.25,0.13,0.49,0.19,0.15,21.25,16.16,NA
Q18,GA-00034-7A17,NA,NA,NA,NA,NA,NA,NA,NA,NA,NA,NA,NA
Q18,GA00067-8E35,0.4708,4425.2,11961.3,6433.07,0.23,0.15,0.5,0.16,0.13,18.34,14.13,NA
Q18,GA001138-8E36,0.4601,4586.4,13319.21,5388.01,0.21,0.14,0.5,0.13,0.11,20.38,14.94,34.66
Q18,GA001138-8E37,0.3531,4050.8,11570.76,5113.07,0.26,0.13,NA,0.15,0.11,21.85,14.85,NA
Q18,GA001142-9E23,0.4601,4565.6,11809.03,5233.07,0.26,0.15,0.48,0.14,0.1,20.92,15.68,NA
Q18,GA001142-9E24,0.3531,3671.2,9860.42,5914.76,0.22,NA,NA,NA,NA,22.3,16.29,35.68
Q18,GA001169-7E15,NA,NA,NA,NA,NA,NA,NA,NA,NA,NA,NA,NA
Q18,GA01063-1-3-6-2-G2,0.4601,4435.6,12001.85,5505.82,0.25,0.17,0.5,0.15,0.12,19.38,14.07,31.25
Q18,GA011493-8E18,0.3531,2865.2,6731.28,5734.2,0.23,NA,NA,NA,NA,22.8,17.25,38.26
Q18,GA021245-9E16,0.3531,2818.4,8235.98,7859.76,0.25,0.12,0.43,0.13,0.09,22.06,13.66,35.18
Q18,GA021338-9E4,0.3424,5194.8,15511.75,4660.33,0.2,0.13,0.54,0.13,0.11,22.58,14.23,NA
Q18,GA021338-9EE11,0.3424,4617.6,10012.87,5547.02,0.22,0.14,0.51,NA,NA,NA,NA,NA
Q18,GA02328-8A21,0.3424,4269.2,10498.96,8232.58,0.18,0.14,NA,0.15,0.12,25.35,15.18,40
Q18,GA03060-9E29,0.3424,3962.4,9007.49,4154.76,0.32,0.1,NA,NA,NA,20.87,12.22,NA
Q18,GA03564-9EE42,0.3317,5408,15198.47,2447.58,0.22,0.16,0.49,0.13,0.12,23.28,15.49,NA
Q18,GA04434-12LE28,NA,NA,NA,NA,NA,NA,NA,NA,NA,NA,NA,NA
Q18,GA051207-14E53(13ESc11),0.4387,5137.6,13290.48,4638.57,0.25,0.11,0.5,0.14,0.11,19.72,13.71,37.57
Q18,GA051336-B-B-1,0.4066,5174,13235.18,6201.39,0.18,NA,0.44,0.13,0.09,20.91,14.22,34.17
Q18,GA05450-15LE41,NA,NA,NA,NA,NA,NA,NA,NA,NA,NA,NA,NA
Q18,GA061082-13E24,0.4922,4420,10603.22,2883.07,0.22,0.15,0.54,0.15,0.12,19.7,14.19,32.42
Q18,GA061157-15LE39,0.4494,4867.2,13185.13,6021.39,0.26,0.07,0.33,0.07,0.07,18.15,13.64,36.67
Q18,GA061471-15LE38,0.4494,4966,13236.53,5996.95,0.29,NA,NA,NA,NA,22.43,17.29,35.59
Q18,GA06283-15LE25,0.428,5387.2,15663.01,3736.95,0.24,0.17,0.44,0.13,0.09,21.67,15.96,33.59
Q18,GA06493-13LE6,NA,NA,NA,NA,NA,NA,NA,NA,NA,NA,NA,NA
Q18,GA07026-14LE4,NA,NA,NA,NA,NA,NA,NA,NA,NA,NA,NA,NA
Q18,GA071227-15LE7,NA,NA,NA,NA,NA,NA,NA,NA,NA,NA,NA,NA
Q18,GA071598-15LE12,0.4494,6130.8,17168.04,7103.07,0.17,NA,0.48,0.12,0.11,21.69,15.77,NA
Q18,GA071630-12LE9,NA,NA,NA,NA,NA,NA,NA,NA,NA,NA,NA,NA
Q18,GA07169-15E3,0.54,4472,11821.57,8270.33,0.37,0.12,0.35,0.1,0.07,10.22,13.92,33.6
Q18,GA07270-12E15,0.3317,3842.8,10016.3,5529.2,0.24,0.12,0.49,0.21,0.19,23.03,15.53,NA
Q18,GA07323-15E2,0.5029,5543.2,14574.87,4978.64,0.21,NA,0.43,NA,NA,20.18,14.82,NA
Q18,GA08028-15LE11,0.4173,4758,15424.07,5321.39,0.27,0.09,NA,0.1,0.06,22.77,16.88,42.67
Q18,GA081018-15LE13,0.4494,5471.96,13611.03,4175.82,0.24,0.2,0.38,0.15,0.11,21.16,14.71,35.75
Q18,GA081018-15LE14,0.4494,5148,13237.65,6775.82,0.25,NA,0.54,0.16,0.11,21.09,15.6,36.25
Q18,GA081174-15E34,0.535,6936.8,14460.07,6359.76,0.28,NA,NA,NA,NA,NA,7,NA
Q18,GA081183-15LE31,0.4494,4997.2,14118.78,4956.39,0.24,0.09,0.5,0.15,0.11,22.48,17.14,36.67
Q18,GA081222-15E39,NA,NA,NA,NA,NA,NA,NA,NA,NA,NA,NA,NA
Q18,GA081293-15LE2,0.428,6068.4,17330.89,8435.26,0.25,0.17,0.51,0.15,0.12,21.05,15.27,38.33
Q18,GA081515-G1-G2,0.4601,4435.6,14336.28,4392.51,0.21,NA,NA,NA,NA,20.07,15.98,36.5
Q18,GA08250-15LE46,0.4494,4784,11512.42,5635.89,0.31,0.16,0.47,0.15,0.12,22.7,18.07,NA
Q18,GA08510-15E9,0.5029,5423.6,15979.9,4273.64,0.2,0.11,0.47,0.13,0.1,18.05,13.55,35.34
Q18,GA09283-G1-G1,0.4387,5538,15200.25,5268.64,0.31,0.13,0.51,0.13,0.14,19.23,14.9,32.34
Q18,GA10041-15E59,0.535,6791.2,17096.25,10204.2,0.36,0.18,0.47,0.14,0.13,18.42,12.82,NA
Q18,GA222-22-5,0.4922,6682,16975.39,5702.51,0.29,NA,NA,NA,NA,20.93,14.72,34.5
Q18,GA991227-6A33,0.4066,5423.6,16213.93,6894.2,0.29,NA,NA,NA,NA,23.2,17.15,NA
Q18,GA991371-6E12,0.4601,6312.8,16937.41,6366.45,0.25,NA,NA,NA,NA,21.81,14.08,NA
Q18,Gore_JJ,0.54,6203.6,18962.61,NA,0.32,0.16,0.27,0.1,0.08,7,7,40.06
Q18,Hilliard,0.3638,5366.4,14191.78,5599.76,0.23,NA,NA,NA,NA,22.88,13.92,45.18
Q18,Hunter,0.4922,5491.2,15453.53,6104.76,0.22,0.08,0.31,0.1,0.07,19.26,14.09,29.68
Q18,IL00-8641,0.4387,5876,11931.61,4188.07,0.21,NA,0.46,0.25,0.37,20.47,14.58,33.42
Q18,IL05-4236,NA,NA,NA,NA,NA,NA,NA,NA,NA,NA,NA,NA
Q18,IL96-6472,NA,NA,NA,NA,NA,NA,NA,NA,NA,NA,NA,NA
Q18,INW0304,NA,NA,NA,NA,NA,NA,NA,NA,NA,NA,NA,NA
Q18,Jamestown,0.4922,5033.6,12575.82,5658.07,0.24,0.14,0.47,0.14,0.12,NA,13.03,29.92
Q18,Jamestown_PM,0.4922,5543.2,14031.32,3562.51,0.24,0.12,0.5,0.12,0.11,21.1,20,39
Q18,Jaypee_CS,NA,NA,NA,NA,NA,NA,NA,NA,NA,NA,NA,NA
Q18,Keiser,0.4387,5205.2,14225.75,4256.95,0.29,0.12,0.47,0.13,0.11,17.76,14.15,34.59
Q18,KY02C-1121-11,0.4066,4232.8,10649.01,5489.2,0.26,0.16,0.45,0.13,0.11,20.49,13.12,35.26
Q18,LA0110D-150,0.4601,5041.3272,13212.13,3683.07,0.23,0.14,0.48,0.16,0.13,22.08,16.68,NA
Q18,LA01110D-100-6-4,0.3317,3837.6,9059.3,5533.64,0.23,NA,0.51,0.12,0.11,NA,NA,36.34
Q18,LA01110D-81-1-B,0.3317,3416.4,8380.33,7705.89,0.23,NA,NA,NA,NA,20.43,13.85,NA
Q18,LA01139D-86-6-2,0.321,3749.2,7963.99,6080.89,0.18,0.14,0.46,0.12,0.1,23.22,15.34,37.01
Q18,LA02015E201,0.535,4570.8,12066.64,4499.76,0.29,NA,NA,NA,NA,21.78,16.32,34.68
Q18,LA02015E42,0.5136,5041.3272,13212.13,NA,0.28,0.12,0.49,0.15,0.14,7,7,27
Q18,LA02015E58,0.5243,7191.6,19433.61,6225.89,0.26,0.09,0.34,0.09,0.09,22.26,14.73,NA
Q18,LA02024E12,0.321,3359.2,8451.38,5543.07,0.22,0.13,0.48,0.1,0.09,19.96,13.16,34.92
Q18,LA02024E7,0.4601,5041.3272,13212.13,6363.07,0.23,0.15,0.51,0.14,0.12,24.31,17.06,34.42
Q18,LA03012E-27,0.428,3998.8,11076.3,7642.02,0.29,0.12,NA,0.15,0.16,23.77,14.54,36.35
Q18,LA03118E117,0.4815,5101.2,11163.36,5364.2,0.26,0.17,0.46,0.13,0.11,20.93,14.78,32.76
Q18,LA03136E71,0.3103,4336.8,13945.49,7755.82,0.23,0.14,0.47,0.14,0.11,23.81,16.84,NA
Q18,LA03148E12,0.4815,5012.8,13819.55,2192.58,0.2,0.11,NA,0.18,0.14,23.26,18.89,NA
Q18,LA03155D-P13,0.4815,4435.6,11466.81,6985.89,0.23,0.12,0.46,0.14,0.1,21.45,15.75,36.51
Q18,LA03161D-P1,0.4815,4253.6,10711.59,2242.02,0.23,0.09,NA,0.21,0.14,22.88,16.35,NA
Q18,LA03200E-2,NA,NA,NA,NA,NA,NA,NA,NA,NA,NA,NA,NA
Q18,LA03200E-23,0.3103,3478.8,10261.73,2200.89,0.18,0.15,0.53,0.15,0.12,20.45,14.25,NA
Q18,LA03217D-P2,0.5243,6557.2,15801.51,2809.83,0.31,0.06,NA,NA,NA,7,14.94,NA
Q18,LA03217E2,0.5136,5127.2,15700.32,2795.39,0.27,NA,NA,NA,NA,NA,14.93,NA
Q18,LA03224E-39,NA,NA,NA,NA,NA,NA,NA,NA,NA,NA,NA,NA
Q18,LA04013D-142,NA,NA,NA,NA,NA,NA,NA,NA,NA,NA,NA,NA
Q18,LA04041D-10,0.5243,6432.4,16859.09,6170.33,0.23,NA,NA,NA,NA,25.88,NA,40
Q18,LA06146E-P4,0.54,NA,13212.13,NA,0.36,0.15,0.23,0.1,0.09,9.46,14.03,32.09
Q18,LA06146E-P7,0.54,5408,12253.99,4442.51,0.27,0.11,0.48,0.07,0.13,7.92,12.69,39
Q18,LA07040D-P01,0.2996,3702.4,9155.5,4647.51,0.22,NA,NA,NA,NA,20.43,14.51,NA
Q18,LA07128C-91,0.2996,2724.8,6937.88,4830.82,0.26,0.14,0.5,0.19,NA,22.65,15.7,NA
Q18,LA08041D-42,0.4387,6619.6,16211.3,4030.89,0.24,0.19,0.5,0.12,0.11,24.55,15.55,NA
Q18,LA08062C-P5,0.4601,6281.6,16185.93,5616.45,0.23,0.14,0.52,0.25,0.36,23.18,12.95,NA
Q18,LA08090C-9-2,0.4387,5179.2,12968.72,3102.51,0.23,0.12,0.48,0.16,0.15,20.79,16.14,NA
Q18,LA08095C-23,0.5243,3884.4,9803.22,5092.51,0.25,0.14,0.52,NA,NA,21.29,14.72,34.5
Q18,LA08095D-4,0.5029,3411.2,8205.16,6062.51,0.22,NA,NA,NA,NA,21.25,15.53,39
Q18,LA08265C-50,0.5029,6266,20044.52,5579.76,0.28,0.13,0.48,0.15,0.11,20.48,13.44,NA
Q18,LA09011UB-2,0.4601,5621.2,13263.67,8504.2,0.25,0.07,NA,0.09,0.06,22.09,NA,35.76
Q18,LA09013UB-3,0.4387,6406.4,15748.39,5674.2,0.21,0.12,NA,0.16,0.13,20.57,15.61,34.76
Q18,LA09050C-P4,0.535,5746,14379.26,10522.58,0.4,0.06,0.47,0.13,0.15,16,13.32,NA
Q18,LA09122UB-43,0.5136,7160.4,15036.24,3693.07,0.26,NA,0.45,0.13,0.1,21.62,14.96,34.92
Q18,LA09224C-28,0.4815,6307.6,18024.8,6853.64,0.18,0.11,0.51,0.13,0.12,21.59,13.73,34.34
Q18,LA09264C-P2,0.5136,7061.6,20199.8,7851.45,0.32,0.15,0.53,0.14,0.13,23.4,15.95,35.93
Q18,LA754,0.3745,2984.8,6604.6,5655.82,0.19,0.09,0.34,0.11,0.08,20.57,14.96,35.25
Q18,LA821,0.4815,4030,8958.05,6222.51,0.19,0.12,0.51,0.14,0.12,20.32,15.92,35
Q18,LA841,0.4387,5813.6,13261.45,3459.76,0.18,0.11,NA,0.16,0.14,18.89,12.8,NA
Q18,LA97113UC-124,0.4173,4487.6,12812.52,5086.39,0.19,0.19,NA,0.25,0.22,21.56,15.05,36.17
Q18,Madison_CS,0.4066,4862,12642.76,4783.64,0.19,NA,0.6,NA,NA,22.25,15,31.34
Q18,MAGNOLIA,NA,NA,NA,NA,NA,NA,NA,NA,NA,NA,NA,NA
Q18,Massey_CG,NA,NA,NA,NA,NA,NA,NA,NA,NA,NA,NA,NA
Q18,McNair_701,NA,NA,NA,NA,NA,NA,NA,NA,NA,NA,NA,NA
Q18,MD00W16-07-3,0.4815,5392.4,15181.47,5143.07,0.22,NA,NA,NA,NA,21.53,13.8,38.42
Q18,MD99W64-05-11,0.4601,5200,11812.08,4619.2,0.27,0.08,0.49,0.12,0.1,20.41,14.11,34.26
Q18,NC06BGTAG12,0.4601,4414.8,11859.13,6765.26,0.17,0.17,NA,0.18,0.14,17.97,13.8,37.83
Q18,NC07-24445,NA,NA,NA,NA,NA,NA,NA,NA,NA,NA,NA,NA
Q18,NC08-23089,0.4922,5590,13005.42,4106.95,0.19,NA,NA,NA,NA,18.97,13.39,32.09
Q18,NC08-23090,NA,NA,NA,NA,NA,NA,NA,NA,NA,NA,NA,NA
Q18,NC08-23323,0.4601,4998.4168,13195.44,5995.33,0.23,NA,NA,NA,NA,21.51,15.99,NA
Q18,NC08-23324,0.4173,4035.2,9317.51,4339.2,0.21,0.16,NA,0.21,0.18,25.31,13.82,40
Q18,NC08-23383,0.4066,6614.4,13212.13,6247.45,0.26,0.2,0.48,0.16,0.14,21.3,14.4,41.24
Q18,NC10080-122,0.5029,6484.4,18781.73,7061.45,0.25,0.17,0.48,NA,NA,21.7,15.25,34.93
Q18,NC10080-134CL,0.4815,6609.2,19583.22,5545.82,0.19,0.12,0.46,0.13,0.11,22.71,15.69,35.75
Q18,NC10080-139CL,NA,NA,NA,NA,NA,NA,NA,NA,NA,NA,NA,NA
Q18,NC11-21899,0.4387,4591.6,13846.35,5205.26,0.23,0.11,0.51,0.18,0.14,18.6,14.05,32.33
Q18,NC11-22289,0.3852,4914,13432.7,4066.88,0.28,0.14,NA,0.09,0.11,19.73,13.59,40.82
Q18,NC11-23321,0.4601,5683.6,15537.66,3190.76,0.18,NA,0.5,0.16,0.13,20.71,14.47,35.98
Q18,NC11-5-16-21,0.4494,4409.6,12548.43,5816.39,0.24,0.14,0.46,0.13,0.1,20.31,15.95,33.17
Q18,NC12-20850,NA,NA,NA,NA,NA,NA,NA,NA,NA,NA,NA,NA
Q18,NC12-21224,0.3852,4487.6,13649.64,5256.88,0.19,0.14,0.47,0.34,0.48,20.57,24.61,45
Q18,NC12-22844,0.3852,4154.8,10363.62,3948.64,0.19,0.11,0.48,0.19,0.14,22.95,14.17,37.84
Q18,NC12-23576,NA,NA,NA,NA,NA,NA,NA,NA,NA,NA,NA,NA
Q18,NC13-20076,0.4494,6505.2,14268.91,5625.82,0.26,0.15,0.49,0.15,0.13,21.47,13.84,31.25
Q18,NC13-20218,0.428,5522.4,15034.49,7920.89,0.24,0.13,NA,0.15,0.13,22.06,16,39.01
Q18,NC13-20631,NA,NA,NA,NA,NA,NA,NA,NA,NA,NA,NA,NA
Q18,NC13-20722,NA,NA,NA,NA,NA,NA,NA,NA,NA,NA,NA,NA
Q18,NC13-20773,0.4601,5558.8,12601.98,4921.95,0.21,0.19,0.49,0.12,0.1,21.1,13.75,36.09
Q18,NC13-21321,0.4601,5397.6,16911.45,4842.51,0.22,NA,0.53,0.3,0.13,18.93,12.69,33
Q18,NC13-21338,0.54,4711.2,12863.41,NA,0.33,0.13,0.22,0.1,0.08,7.83,7,38.42
Q18,NC13-22726,NA,NA,NA,NA,NA,NA,NA,NA,NA,NA,NA,NA
Q18,NC97BGTAB9,NA,NA,NA,NA,NA,NA,NA,NA,NA,NA,NA,NA
Q18,Oglethorpe,0.4708,5657.6,12755.14,7249.76,0.25,0.11,0.41,0.14,0.13,21.17,18.45,NA
Q18,Pioneer_2580_CG,NA,NA,NA,NA,NA,NA,NA,NA,NA,NA,NA,NA
Q18,Pioneer_2684_CG,0.4387,6120.4,16561.66,6383.07,0.26,0.06,0.34,0.12,0.08,20.58,15.36,37.92
Q18,Pioneer_26R24_CG,NA,NA,NA,NA,NA,NA,NA,NA,NA,NA,NA,NA
Q18,Pioneer_26R31_CG,NA,NA,NA,NA,NA,NA,NA,NA,NA,NA,NA,NA
Q18,Pioneer_26R46_CG,NA,NA,NA,NA,NA,NA,NA,NA,NA,NA,NA,NA
Q18,Pioneer_26R61_JJ,0.4066,5714.8,14182.42,7429.76,0.26,0.11,0.51,0.14,0.11,22.27,17.01,39.68
Q18,Rosen,0.4601,4222.4,11269.89,4703.07,0.22,0.12,0.5,0.16,0.12,22.67,17.38,NA
Q18,SCAR99175B1,0.2889,4477.2,13719.25,6982.51,0.21,0.09,NA,0.08,0.38,21.83,16.88,33.5
Q18,SCLA1102G1,0.2889,3655.6,8828.18,5910.89,0.23,0.14,0.48,0.13,0.31,24.12,17.43,NA
Q18,SCLA1110R1,NA,NA,NA,NA,NA,NA,NA,NA,NA,NA,NA,NA
Q18,SCLA99049D-E1-J1,NA,NA,NA,NA,NA,NA,NA,NA,NA,NA,NA,NA
Q18,SCTX98-20-J10,0.2568,5041.3272,6090.61,7196.45,0.21,0.13,0.51,0.15,0.33,21.3,16.99,35.43
Q18,SCW010025G1,0.2461,3520.4,8538.28,5170.25,0.23,NA,NA,NA,NA,21.57,15.45,38.34
Q18,SCW010025K1,0.2354,2589.6,6580.67,3527.51,0.26,NA,0.6,NA,NA,21.49,15.71,35
Q18,SCW990013A1,0.214,5041.3272,13212.13,4363.07,0.25,0.13,0.51,0.17,0.34,21.32,16.25,34.42
Q18,Severn,NA,NA,NA,NA,NA,NA,NA,NA,NA,NA,NA,NA
Q18,SH555,0.3638,6016.4,14651.07,8230.89,0.33,0.12,0.45,0.13,0.1,20.78,15.75,NA
Q18,SS8641,0.2033,3062.8,7952.24,6998.07,0.22,0.1,0.47,0.17,0.35,23.1,17.43,39.92
Q18,SS8641_JJ,NA,NA,NA,NA,NA,NA,NA,NA,NA,NA,NA,NA
Q18,Tribute_CG,0.4066,4966,14605.27,7919.76,0.19,0.12,0.52,0.15,0.13,21.91,15.84,NA
Q18,TX12D4625,0.4494,6671.6,18272.93,6215.26,0.25,NA,NA,NA,NA,21.96,15.87,32.33
Q18,TX12D4700,NA,NA,NA,NA,NA,NA,NA,NA,NA,NA,NA,NA
Q18,TX12D4768,0.2033,5041.3272,6050.68,7025.89,0.25,0.13,0.48,0.16,0.32,22.94,16.25,NA
Q18,TX12D4845,NA,NA,NA,NA,NA,NA,NA,NA,NA,NA,NA,NA
Q18,TX13D5129,0.4601,5933.2,12545.74,5786.45,0.23,NA,NA,NA,NA,22.59,15.25,NA
Q18,TX13D5137,0.5029,4175.6,10107.52,3473.07,0.21,0.12,0.45,0.13,0.1,22.15,16.04,34.92
Q18,TX13D5237,NA,NA,NA,NA,NA,NA,NA,NA,NA,NA,NA,NA
Q18,TX13D5252,NA,NA,NA,NA,NA,NA,NA,NA,NA,NA,NA,NA
Q18,TX14D8086,NA,NA,NA,NA,NA,NA,NA,NA,NA,NA,NA,NA
Q18,TX14D8234,0.3852,4316,11482.98,6542.51,0.23,0.14,0.49,0.11,0.1,20.76,14.47,35
Q18,TX14D8301,0.535,6260.8,16410.75,4829.7,0.33,0.12,0.48,0.12,0.1,18.3,14.15,35.91
Q18,TX14D8504,0.54,5917.6,16145.14,4663.64,0.37,0.07,0.36,0.07,0.07,17.64,11.59,34.84
Q18,USG_3120,0.4601,4607.2,14221.64,5012.51,0.23,0.14,0.5,0.18,0.12,NA,NA,35
Q18,USG_3209_PM,NA,NA,NA,NA,NA,NA,NA,NA,NA,NA,NA,NA
Q18,USG_3555_JJ,NA,NA,NA,NA,NA,NA,NA,NA,NA,NA,NA,NA
Q18,USG3120,0.2033,4024.8,12441.71,5237.51,0.19,NA,0.55,NA,NA,18.83,15.26,35.5
Q18,VA_90,NA,NA,NA,NA,NA,NA,NA,NA,NA,NA,NA,NA
Q18,VA00W-38,0.428,4466.8,12204.58,4088.01,0.21,0.11,0.52,0.15,0.1,25,20,37.66
Q18,VA01W713,0.4815,5168.8,14289.33,4313.07,0.26,0.12,0.5,NA,NA,19.47,13.81,33.92
Q18,VA05W-151,0.4387,5501.6,19757.73,NA,0.21,0.12,0.55,0.25,0.35,22.47,13.12,NA
Q18,VA07MAS4-7417-1-3-3,0.4387,4518.8,12009.3,NA,0.26,0.13,0.47,0.14,0.11,NA,20,NA
Q18,VA12W-72,0.3745,6037.2,18499.12,NA,0.25,NA,NA,NA,NA,NA,NA,NA
Q18,VA12W-97,0.4922,3910.4,13475.98,NA,0.21,0.13,0.49,0.12,0.11,NA,NA,NA
Q18,VA13W-124,NA,NA,NA,NA,NA,NA,NA,NA,NA,NA,NA,NA
Q18,VA13W-177,NA,NA,NA,NA,NA,NA,NA,NA,NA,NA,NA,NA
Q18,Wakeland_CG,NA,NA,NA,NA,NA,NA,NA,NA,NA,NA,NA,NA
